gene	lead_snp	CHR	P	n_studies	var_idx
HLA-DRB1	rs9271365	6	0.0	4	7126
HLA-DQA1	rs9271365	6	0.0	4	7127
HLA-DQB1	rs1770	6	2e-232	1	7128
INS	rs689	11	5e-196	9	11298
AP4B1-AS1	rs2476601	1	5e-135	7	1112
PTPN22	rs2476601	1	5e-135	7	1111
TCF7L2	rs7903146	10	4e-98	7	11071
ATXN2	rs3184504	12	5.000000000000001e-49	4	13430
SH2B3	rs3184504	12	5.000000000000001e-49	4	13429
HLA-DRB5	rs9269173	6	3.9999999999999995e-42	1	7125
IL2RA	rs61839660	10	3e-39	5	10414
RPS26	rs705704	12	2e-37	1	13067
FTO	rs1421085	16	1.0000000000000001e-34	2	15981
PTPN11	rs11066320	12	2e-33	1	13443
RNLS	rs10509540	10	9.999999999999999e-29	1	10852
IGF2BP2	rs7633675	3	1.9999999999999998e-25	1	4770
CDKN2B-AS1	rs10811661	9	2.0000000000000002e-24	1	9667
HORMAD2	rs5763842	22	1.0000000000000001e-23	1	20364
CTLA4	rs3087243	2	4.0000000000000004e-23	5	3306
ICOS	rs3087243	2	4.0000000000000004e-23	5	3307
CLEC16A	rs12927355	16	7.000000000000001e-23	2	15688
CTRB2	rs8056814	16	3e-19	1	16199
CTRB1	rs8056814	16	3e-19	1	16200
PTPN2	rs7237497	18	1e-18	1	17624
FAP	rs2111485	2	4e-18	1	3073
IFIH1	rs2111485	2	4e-18	1	3074
UBASH3A	rs11203203	21	3e-17	2	20076
GTF3C5	rs541856133	9	4e-17	1	10245
CEL	rs541856133	9	4e-17	1	10246
CFTR	rs7795896	7	2e-16	1	8546
SLC16A11	rs73239895	17	2e-16	1	16479
CLEC10A	rs73239895	17	2e-16	1	16480
TAGAP	rs212408	6	1e-15	1	7814
MAPT	rs1052553	17	2e-15	2	17061
ITGB1-DT	rs722988	10	3e-15	3	10558
NRP1	rs722988	10	3e-15	3	10559
CTSH	rs3825932	15	3e-15	2	15312
BACH2	rs7754251	6	4e-15	1	7501
TYK2	rs34536443	19	4e-15	2	18179
WFS1	rs1801214	4	2e-14	1	4973
TTC33	rs1876142	5	2e-14	1	5902
KCNQ1	rs2237897	11	2e-14	4	11307
FUT2	rs516246	19	5e-14	1	18959
IRF4	rs1050979	6	6e-14	1	6755
NYAP2	rs2972144	2	1e-13	1	3452
IL27	rs4788084	16	3e-13	2	15826
NUPR1	rs4788084	16	3e-13	2	15827
CENPW	rs9388489	6	4e-13	1	7647
ITPR3	rs74770208	6	5e-13	2	7172
MEG3	rs8013873	14	5e-13	1	14734
GSDMB	rs2290400	17	6e-13	1	16870
IL6R	rs2229238	1	1e-12	1	1362
CD226	rs1615504	18	1e-12	3	17838
GLIS3	rs1574285	9	2e-12	1	9595
ZFP36L1	rs1465788	14	2e-12	1	14502
PGM1	rs2269242	1	5e-12	1	812
CLN3	rs151233	16	7e-12	1	15824
APOBR	rs151233	16	7e-12	1	15825
LINC00320	rs2128344	21	8e-12	1	19917
FKRP	rs4804000	19	1e-11	1	18902
SIRPG	rs1048055	20	1e-11	1	19337
LRP1B	rs192324744	2	2e-11	1	3010
LINC01179	rs2611215	4	2e-11	1	5645
IL7R	rs10214237	5	2e-11	1	5871
CAPSL	rs10214237	5	2e-11	1	5872
PALD1	rs78325861	10	2e-11	2	10730
CD69	rs4763879	12	2e-11	1	12661
UMOD	rs4238595	16	2e-11	2	15750
FARP2	rs10933559	2	3e-11	1	3582
PLPP1	rs75486563	5	4e-11	1	5958
KLRG1	rs7314942	12	4e-11	1	12651
LMO7	rs539514	13	6e-11	1	13952
MAP3K14	rs1352312	17	7e-11	1	17054
AFF3	rs4490209	2	9e-11	1	2797
LINC02357	rs12506688	4	1e-10	1	5062
FLI1	rs607703	11	1e-10	1	12474
LRIG2	rs12130424	1	2e-10	1	1107
MAGI3	rs12130424	1	2e-10	1	1108
HIPK1	rs7545300	1	2e-10	1	1117
SLC1A2	rs11033048	11	2e-10	1	11597
ACAP1	rs61759532	17	2e-10	1	16496
KLF3-AS1	rs337637	4	3e-10	1	5087
COLEC10	rs13259300	8	3e-10	1	9396
PRR15L	rs11651753	17	3e-10	2	17093
RASGRP1	rs72727394	15	4e-10	1	14914
RMI2	rs193778	16	4e-10	1	15689
IL10	rs3024505	1	5e-10	4	1861
SLC25A37	rs36104352	8	6e-10	1	8984
ASCL2	rs72853903	11	6e-10	1	11300
IGF2	rs4366464	11	1e-09	1	11296
IGF2-AS	rs4366464	11	1e-09	1	11297
SLC15A3	rs79538630	11	1e-09	1	11768
CD6	rs79538630	11	1e-09	1	11769
CCR7	rs7221109	17	1e-09	1	16890
SMARCE1	rs7221109	17	1e-09	1	16891
FASLG	rs78037977	1	2e-09	1	1621
TOX	rs1947178	8	2e-09	1	9155
LINC02341	rs238265	13	2e-09	1	13819
NEMF	rs55846421	14	2e-09	1	14362
STK39	rs60587303	2	3e-09	1	3094
STAT4	rs7582694	2	3e-09	1	3232
ANKRD55	rs10213692	5	3e-09	1	5963
SKAP2	rs73069541	7	3e-09	1	8022
RPS6KA4	rs645078	11	3e-09	1	11875
SPRYD3	rs7313065	12	3e-09	1	12990
LINC02773	rs12128789	1	4e-09	1	1916
BATF3	rs12128789	1	4e-09	1	1917
EFR3B	rs478222	2	4e-09	1	2296
LINC02649	rs947474	10	4e-09	1	10417
LINC01550	rs4900384	14	4e-09	1	14717
CAMK4	rs114378220	5	5e-09	2	6199
MNDA	rs857786	1	6e-09	1	1468
DGKQ	rs113881148	4	6e-09	1	4911
C1QTNF6	rs6000602	22	6e-09	1	20453
NOTCH2	rs1493696	1	8e-09	1	1169
LINC00574	rs924043	6	8e-09	1	7876
GATA3	rs537544	10	8e-09	2	10433
FADS2	rs968567	11	8e-09	1	11791
FADS1	rs968567	11	8e-09	1	11792
GAB3	rs2664170	23	8e-09	1	21432
ITGB8	rs7805218	7	9e-09	1	7990
RPAP2	rs34090353	1	1e-08	1	954
LINC02516	rs13147255	4	1e-08	1	5495
PFKL	rs9976073	21	1e-08	1	20106
PSMB2	rs574384	1	2e-08	1	508
LINC02362	rs12644686	4	2e-08	1	5706
AIRE	rs74203920	21	2e-08	1	20105
RUNX3	rs10751776	1	3e-08	1	349
MIR3681HG	rs10169963	2	3e-08	1	2242
LHFPL5	rs2817023	6	3e-08	1	7204
JAZF1	rs10245867	7	3e-08	1	8043
IKZF1	rs62447205	7	3e-08	1	8171
AGO2	rs3802214	8	3e-08	1	9479
NAMA	rs1405209	9	3e-08	1	9974
NR4A3	rs1405209	9	3e-08	1	9975
RAD51B	rs911263	14	3e-08	1	14501
RGMA	rs7167984	15	3e-08	1	15429
INPP5B	rs12742756	1	4e-08	1	540
CAMSAP2	rs6691977	1	4e-08	1	1763
ACOXL	rs4849135	2	4e-08	1	2869
LINC01259	rs1004707	4	4e-08	1	5085
GRB10	rs4948088	7	4e-08	1	8175
COBL	rs4948088	7	4e-08	1	8176
KCNQ1DN	rs140215710	11	4e-08	1	11310
CDKN1C	rs140215710	11	4e-08	1	11311
EMSY	rs2212434	11	4e-08	1	12117
LINC02757	rs2212434	11	4e-08	1	12118
CCRL2	rs113010081	3	5e-08	1	3899
LINC02009	rs113010081	3	5e-08	1	3900
RBM17	rs41295121	10	5e-08	1	10415
