gene	cell_type	disease_state	n_cells	mean	median	pct_expressing	n_nonzero
AP4B1-AS1	PP cell	AAB	447	0.0	0.0	0.0	0
AP4B1-AS1	PP cell	Control	1402	0.0035663337912410498	0.0	0.3566333808844508	5
AP4B1-AS1	PP cell	T1D	362	0.013812154531478882	0.0	1.3812154696132597	5
AP4B1-AS1	PP cell	T2D	614	0.0065146577544510365	0.0	0.4885993485342019	3
AP4B1-AS1	acinar cell	AAB	6645	0.004364183638244867	0.0	0.40632054176072235	27
AP4B1-AS1	acinar cell	Control	25693	0.0017903709085658193	0.0	0.17903709181489122	46
AP4B1-AS1	acinar cell	T1D	11264	0.010031959973275661	0.0	0.9765625	110
AP4B1-AS1	acinar cell	T2D	15892	0.0024540650192648172	0.0	0.2454064938333753	39
AP4B1-AS1	alpha cell	AAB	8759	0.001826692488975823	0.0	0.17125242607603608	15
AP4B1-AS1	alpha cell	Control	31545	0.0025677604135125875	0.0	0.25677603423680456	81
AP4B1-AS1	alpha cell	T1D	8175	0.011865443550050259	0.0	1.1865443425076454	97
AP4B1-AS1	alpha cell	T2D	16634	0.003607069840654731	0.0	0.3546952025970903	59
AP4B1-AS1	beta cell	AAB	8523	0.0030505689792335033	0.0	0.3050569048457116	26
AP4B1-AS1	beta cell	Control	27160	0.003055964596569538	0.0	0.30559646539027985	83
AP4B1-AS1	beta cell	T1D	715	0.011188811622560024	0.0	1.118881118881119	8
AP4B1-AS1	beta cell	T2D	8161	0.002205612137913704	0.0	0.22056120573459137	18
AP4B1-AS1	delta cell	AAB	655	0.006106870248913765	0.0	0.6106870229007634	4
AP4B1-AS1	delta cell	Control	3358	0.00536033371463418	0.0	0.5360333531864204	18
AP4B1-AS1	delta cell	T1D	737	0.017639078199863434	0.0	1.6282225237449117	12
AP4B1-AS1	delta cell	T2D	919	0.0032644178718328476	0.0	0.3264417845484222	3
AP4B1-AS1	duct epithelial cell	AAB	3313	0.011771808378398418	0.0	1.116812556595231	37
AP4B1-AS1	duct epithelial cell	Control	6724	0.0029744200874119997	0.0	0.297441998810232	20
AP4B1-AS1	duct epithelial cell	T1D	5311	0.010544153861701488	0.0	1.0167576727546601	54
AP4B1-AS1	duct epithelial cell	T2D	4877	0.00697149895131588	0.0	0.6971498872257536	34
AP4B1-AS1	endothelial cell	AAB	913	0.0032858706545084715	0.0	0.32858707557502737	3
AP4B1-AS1	endothelial cell	Control	2744	0.0018221574136987329	0.0	0.18221574344023322	5
AP4B1-AS1	endothelial cell	T1D	945	0.008465608581900597	0.0	0.7407407407407408	7
AP4B1-AS1	endothelial cell	T2D	1250	0.004000000189989805	0.0	0.4	5
AP4B1-AS1	epsilon cell	AAB	35	0.02857142873108387	0.0	2.857142857142857	1
AP4B1-AS1	epsilon cell	Control	97	0.0	0.0	0.0	0
AP4B1-AS1	epsilon cell	T1D	41	0.024390242993831635	0.0	2.4390243902439024	1
AP4B1-AS1	epsilon cell	T2D	23	0.0	0.0	0.0	0
AP4B1-AS1	leukocyte	AAB	136	0.007352941203862429	0.0	0.7352941176470588	1
AP4B1-AS1	leukocyte	Control	529	0.005671077407896519	0.0	0.5671077504725899	3
AP4B1-AS1	leukocyte	T1D	229	0.0043668122962117195	0.0	0.43668122270742354	1
AP4B1-AS1	leukocyte	T2D	304	0.003289473708719015	0.0	0.3289473684210526	1
AP4B1-AS1	mesenchymal cell	AAB	1571	0.0038192234933376312	0.0	0.3819223424570337	6
AP4B1-AS1	mesenchymal cell	Control	4411	0.0015869417693465948	0.0	0.1586941736567672	7
AP4B1-AS1	mesenchymal cell	T1D	1132	0.006183745805174112	0.0	0.6183745583038869	7
AP4B1-AS1	mesenchymal cell	T2D	2473	0.003639304544776678	0.0	0.3234937323089365	8
AP4B1-AS1	unknown	AAB	901	0.0022197559010237455	0.0	0.22197558268590456	2
AP4B1-AS1	unknown	Control	3424	0.001460280385799706	0.0	0.14602803738317757	5
AP4B1-AS1	unknown	T1D	1206	0.0033167495857924223	0.0	0.33167495854063017	4
AP4B1-AS1	unknown	T2D	1828	0.0005470459582284093	0.0	0.05470459518599562	1
ATXN2	PP cell	AAB	447	0.31319910287857056	0.0	24.60850111856823	110
ATXN2	PP cell	Control	1402	0.21611982583999634	0.0	18.116975748930102	254
ATXN2	PP cell	T1D	362	0.6243094205856323	0.0	37.569060773480665	136
ATXN2	PP cell	T2D	614	0.37296417355537415	0.0	25.732899022801302	158
ATXN2	acinar cell	AAB	6645	0.18781039118766785	0.0	12.791572610985705	850
ATXN2	acinar cell	Control	25693	0.13291558623313904	0.0	10.057214027166934	2584
ATXN2	acinar cell	T1D	11264	0.29385653138160706	0.0	20.294744318181817	2286
ATXN2	acinar cell	T2D	15892	0.18801912665367126	0.0	14.189529322929776	2255
ATXN2	alpha cell	AAB	8759	0.3467290699481964	0.0	24.945770065075923	2185
ATXN2	alpha cell	Control	31545	0.3435092866420746	0.0	24.333491837058173	7676
ATXN2	alpha cell	T1D	8175	0.5440978407859802	0.0	36.269113149847094	2965
ATXN2	alpha cell	T2D	16634	0.4609234035015106	0.0	29.596008176025006	4923
ATXN2	beta cell	AAB	8523	0.3217177093029022	0.0	22.269154053736948	1898
ATXN2	beta cell	Control	27160	0.29749631881713867	0.0	20.327687776141385	5521
ATXN2	beta cell	T1D	715	0.7790209650993347	0.0	40.0	286
ATXN2	beta cell	T2D	8161	0.4609729051589966	0.0	29.212106359514767	2384
ATXN2	delta cell	AAB	655	0.39389312267303467	0.0	28.549618320610687	187
ATXN2	delta cell	Control	3358	0.3019654452800751	0.0	21.798689696247767	732
ATXN2	delta cell	T1D	737	0.5291723012924194	0.0	33.649932157394844	248
ATXN2	delta cell	T2D	919	0.47986942529678345	0.0	32.10010881392819	295
ATXN2	duct epithelial cell	AAB	3313	0.49441593885421753	0.0	33.2025354663447	1100
ATXN2	duct epithelial cell	Control	6724	0.3231707215309143	0.0	22.67995240928019	1525
ATXN2	duct epithelial cell	T1D	5311	0.4483148157596588	0.0	31.7454340048955	1686
ATXN2	duct epithelial cell	T2D	4877	0.4363338053226471	0.0	29.362312897272915	1432
ATXN2	endothelial cell	AAB	913	0.24972617626190186	0.0	18.400876232201533	168
ATXN2	endothelial cell	Control	2744	0.1658163219690323	0.0	13.994169096209912	384
ATXN2	endothelial cell	T1D	945	0.21587301790714264	0.0	17.354497354497354	164
ATXN2	endothelial cell	T2D	1250	0.20720000565052032	0.0	16.0	200
ATXN2	epsilon cell	AAB	35	0.6000000238418579	0.0	34.285714285714285	12
ATXN2	epsilon cell	Control	97	0.36082473397254944	0.0	24.742268041237114	24
ATXN2	epsilon cell	T1D	41	0.5365853905677795	0.0	31.70731707317073	13
ATXN2	epsilon cell	T2D	23	0.739130437374115	0.0	47.82608695652174	11
ATXN2	leukocyte	AAB	136	0.31617647409439087	0.0	22.058823529411764	30
ATXN2	leukocyte	Control	529	0.24196597933769226	0.0	20.226843100189036	107
ATXN2	leukocyte	T1D	229	0.40611353516578674	0.0	26.637554585152838	61
ATXN2	leukocyte	T2D	304	0.22368420660495758	0.0	17.763157894736842	54
ATXN2	mesenchymal cell	AAB	1571	0.3717377483844757	0.0	24.506683640993	385
ATXN2	mesenchymal cell	Control	4411	0.3237361013889313	0.0	23.19201995012469	1023
ATXN2	mesenchymal cell	T1D	1132	0.4010600745677948	0.0	28.35689045936396	321
ATXN2	mesenchymal cell	T2D	2473	0.399514764547348	0.0	28.79094217549535	712
ATXN2	unknown	AAB	901	0.05771365016698837	0.0	4.661487236403995	42
ATXN2	unknown	Control	3424	0.06454439461231232	0.0	5.490654205607477	188
ATXN2	unknown	T1D	1206	0.10530679672956467	0.0	9.038142620232174	109
ATXN2	unknown	T2D	1828	0.10831509530544281	0.0	8.096280087527353	148
CDKN1C	PP cell	AAB	447	0.12975391745567322	0.0	8.724832214765101	39
CDKN1C	PP cell	Control	1402	0.13266761600971222	0.0	9.4151212553495	132
CDKN1C	PP cell	T1D	362	0.2513812184333801	0.0	17.955801104972377	65
CDKN1C	PP cell	T2D	614	0.13192182779312134	0.0	8.957654723127035	55
CDKN1C	acinar cell	AAB	6645	0.04650112986564636	0.0	3.717080511662904	247
CDKN1C	acinar cell	Control	25693	0.060172032564878464	0.0	4.503172070213677	1157
CDKN1C	acinar cell	T1D	11264	0.054953835904598236	0.0	3.639914772727273	410
CDKN1C	acinar cell	T2D	15892	0.11766926944255829	0.0	8.129876667505663	1292
CDKN1C	alpha cell	AAB	8759	0.2257107049226761	0.0	16.565818015755223	1451
CDKN1C	alpha cell	Control	31545	0.2709462642669678	0.0	16.42415596766524	5181
CDKN1C	alpha cell	T1D	8175	0.3869113028049469	0.0	25.541284403669724	2088
CDKN1C	alpha cell	T2D	16634	0.2947577238082886	0.0	18.889022484068775	3142
CDKN1C	beta cell	AAB	8523	1.4301302433013916	0.0	45.547342485040474	3882
CDKN1C	beta cell	Control	27160	1.1558910608291626	0.0	37.017673048600884	10054
CDKN1C	beta cell	T1D	715	1.7132867574691772	0.0	42.51748251748252	304
CDKN1C	beta cell	T2D	8161	2.0964343547821045	1.0	51.45202793775273	4199
CDKN1C	delta cell	AAB	655	0.5450381636619568	0.0	21.22137404580153	139
CDKN1C	delta cell	Control	3358	0.34842169284820557	0.0	16.79571173317451	564
CDKN1C	delta cell	T1D	737	0.19945725798606873	0.0	11.940298507462686	88
CDKN1C	delta cell	T2D	919	0.6071817278862	0.0	22.41566920565832	206
CDKN1C	duct epithelial cell	AAB	3313	0.5273166298866272	0.0	31.4518563235738	1042
CDKN1C	duct epithelial cell	Control	6724	0.6777216196060181	0.0	37.86436644854253	2546
CDKN1C	duct epithelial cell	T1D	5311	0.5961212515830994	0.0	31.31237055168518	1663
CDKN1C	duct epithelial cell	T2D	4877	0.7225753664970398	0.0	40.10662292392864	1956
CDKN1C	endothelial cell	AAB	913	0.5049288272857666	0.0	32.63964950711939	298
CDKN1C	endothelial cell	Control	2744	0.362609326839447	0.0	24.927113702623906	684
CDKN1C	endothelial cell	T1D	945	0.3206349313259125	0.0	25.07936507936508	237
CDKN1C	endothelial cell	T2D	1250	0.5648000240325928	0.0	34.4	430
CDKN1C	epsilon cell	AAB	35	0.1428571492433548	0.0	14.285714285714285	5
CDKN1C	epsilon cell	Control	97	0.2164948433637619	0.0	18.556701030927837	18
CDKN1C	epsilon cell	T1D	41	0.17073170840740204	0.0	17.073170731707318	7
CDKN1C	epsilon cell	T2D	23	0.21739129722118378	0.0	17.391304347826086	4
CDKN1C	leukocyte	AAB	136	0.5073529481887817	0.0	28.676470588235293	39
CDKN1C	leukocyte	Control	529	0.353497177362442	0.0	25.89792060491493	137
CDKN1C	leukocyte	T1D	229	0.2445414811372757	0.0	17.03056768558952	39
CDKN1C	leukocyte	T2D	304	0.4868420958518982	0.0	31.25	95
CDKN1C	mesenchymal cell	AAB	1571	0.7492043375968933	0.0	29.598981540420116	465
CDKN1C	mesenchymal cell	Control	4411	0.8329176902770996	0.0	28.81432781682158	1271
CDKN1C	mesenchymal cell	T1D	1132	0.695229709148407	0.0	24.73498233215548	280
CDKN1C	mesenchymal cell	T2D	2473	0.8095430731773376	0.0	29.720986655883543	735
CDKN1C	unknown	AAB	901	0.09211986511945724	0.0	6.770255271920089	61
CDKN1C	unknown	Control	3424	0.07184579223394394	0.0	6.103971962616823	209
CDKN1C	unknown	T1D	1206	0.08540630340576172	0.0	4.975124378109453	60
CDKN1C	unknown	T2D	1828	0.10776805132627487	0.0	8.150984682713348	149
COLEC10	PP cell	AAB	447	0.0	0.0	0.0	0
COLEC10	PP cell	Control	1402	0.002139800228178501	0.0	0.21398002853067047	3
COLEC10	PP cell	T1D	362	0.0027624310459941626	0.0	0.2762430939226519	1
COLEC10	PP cell	T2D	614	0.0	0.0	0.0	0
COLEC10	acinar cell	AAB	6645	0.00030097816488705575	0.0	0.030097817908201655	2
COLEC10	acinar cell	Control	25693	0.0004670532944146544	0.0	0.04670532829953684	12
COLEC10	acinar cell	T1D	11264	0.0015980113530531526	0.0	0.15980113636363638	18
COLEC10	acinar cell	T2D	15892	0.0002516989770811051	0.0	0.025169896803423106	4
COLEC10	alpha cell	AAB	8759	0.0005708414246328175	0.0	0.04566731362027629	4
COLEC10	alpha cell	Control	31545	0.0010461246129125357	0.0	0.10461245839277222	33
COLEC10	alpha cell	T1D	8175	0.002201834926381707	0.0	0.20795107033639146	17
COLEC10	alpha cell	T2D	16634	0.0009618853218853474	0.0	0.096188529517855	16
COLEC10	beta cell	AAB	8523	0.0008213070686906576	0.0	0.08213070515076851	7
COLEC10	beta cell	Control	27160	0.0012150220572948456	0.0	0.12150220913107511	33
COLEC10	beta cell	T1D	715	0.001398601452820003	0.0	0.13986013986013987	1
COLEC10	beta cell	T2D	8161	0.0023281460162252188	0.0	0.23281460605317975	19
COLEC10	delta cell	AAB	655	0.0	0.0	0.0	0
COLEC10	delta cell	Control	3358	0.0008933889330364764	0.0	0.08933889219773675	3
COLEC10	delta cell	T1D	737	0.0013568521244451404	0.0	0.13568521031207598	1
COLEC10	delta cell	T2D	919	0.002176278503611684	0.0	0.2176278563656148	2
COLEC10	duct epithelial cell	AAB	3313	0.003923935815691948	0.0	0.392393600965892	13
COLEC10	duct epithelial cell	Control	6724	0.0019333730451762676	0.0	0.1933372992266508	13
COLEC10	duct epithelial cell	T1D	5311	0.004518922884017229	0.0	0.4142346074185652	22
COLEC10	duct epithelial cell	T2D	4877	0.0016403526533395052	0.0	0.16403526758253026	8
COLEC10	endothelial cell	AAB	913	0.0	0.0	0.0	0
COLEC10	endothelial cell	Control	2744	0.0	0.0	0.0	0
COLEC10	endothelial cell	T1D	945	0.0	0.0	0.0	0
COLEC10	endothelial cell	T2D	1250	0.0	0.0	0.0	0
COLEC10	epsilon cell	AAB	35	0.0	0.0	0.0	0
COLEC10	epsilon cell	Control	97	0.0	0.0	0.0	0
COLEC10	epsilon cell	T1D	41	0.0	0.0	0.0	0
COLEC10	epsilon cell	T2D	23	0.0	0.0	0.0	0
COLEC10	leukocyte	AAB	136	0.0	0.0	0.0	0
COLEC10	leukocyte	Control	529	0.0	0.0	0.0	0
COLEC10	leukocyte	T1D	229	0.0	0.0	0.0	0
COLEC10	leukocyte	T2D	304	0.0	0.0	0.0	0
COLEC10	mesenchymal cell	AAB	1571	0.0	0.0	0.0	0
COLEC10	mesenchymal cell	Control	4411	0.0011335298186168075	0.0	0.11335298118340513	5
COLEC10	mesenchymal cell	T1D	1132	0.0017667844658717513	0.0	0.17667844522968199	2
COLEC10	mesenchymal cell	T2D	2473	0.0008087343303486705	0.0	0.08087343307723413	2
COLEC10	unknown	AAB	901	0.0011098779505118728	0.0	0.11098779134295228	1
COLEC10	unknown	Control	3424	0.0	0.0	0.0	0
COLEC10	unknown	T1D	1206	0.0008291873964481056	0.0	0.08291873963515754	1
COLEC10	unknown	T2D	1828	0.0010940919164568186	0.0	0.10940919037199125	2
DGKQ	PP cell	AAB	447	0.03803132101893425	0.0	3.803131991051454	17
DGKQ	PP cell	Control	1402	0.025677602738142014	0.0	2.4964336661911553	35
DGKQ	PP cell	T1D	362	0.04696132615208626	0.0	4.696132596685083	17
DGKQ	PP cell	T2D	614	0.011400651186704636	0.0	1.1400651465798046	7
DGKQ	acinar cell	AAB	6645	0.04394281283020973	0.0	4.2738901429646345	284
DGKQ	acinar cell	Control	25693	0.031526096165180206	0.0	2.9852489004787297	767
DGKQ	acinar cell	T1D	11264	0.058327414095401764	0.0	5.4421164772727275	613
DGKQ	acinar cell	T2D	15892	0.04197080433368683	0.0	3.970551220739995	631
DGKQ	alpha cell	AAB	8759	0.0240895077586174	0.0	2.3061993378239527	202
DGKQ	alpha cell	Control	31545	0.020415280014276505	0.0	1.971786336978919	622
DGKQ	alpha cell	T1D	8175	0.02899082563817501	0.0	2.8501529051987764	233
DGKQ	alpha cell	T2D	16634	0.024948900565505028	0.0	2.3686425393771793	394
DGKQ	beta cell	AAB	8523	0.029332393780350685	0.0	2.8041769330048103	239
DGKQ	beta cell	Control	27160	0.022643594071269035	0.0	2.1723122238586154	590
DGKQ	beta cell	T1D	715	0.0559440553188324	0.0	5.454545454545454	39
DGKQ	beta cell	T2D	8161	0.028182821348309517	0.0	2.6344810684965076	215
DGKQ	delta cell	AAB	655	0.04122137278318405	0.0	3.816793893129771	25
DGKQ	delta cell	Control	3358	0.019952353090047836	0.0	1.9356759976176294	65
DGKQ	delta cell	T1D	737	0.032564450055360794	0.0	3.2564450474898234	24
DGKQ	delta cell	T2D	919	0.04787812754511833	0.0	4.352557127312296	40
DGKQ	duct epithelial cell	AAB	3313	0.08843947947025299	0.0	8.028976758225173	266
DGKQ	duct epithelial cell	Control	6724	0.07495538145303726	0.0	6.9006543723973826	464
DGKQ	duct epithelial cell	T1D	5311	0.06910186260938644	0.0	6.458294106571268	343
DGKQ	duct epithelial cell	T2D	4877	0.06909985840320587	0.0	6.192331351240517	302
DGKQ	endothelial cell	AAB	913	0.016429353505373	0.0	1.642935377875137	15
DGKQ	endothelial cell	Control	2744	0.01858600601553917	0.0	1.639941690962099	45
DGKQ	endothelial cell	T1D	945	0.020105820149183273	0.0	2.0105820105820107	19
DGKQ	endothelial cell	T2D	1250	0.018400000408291817	0.0	1.8399999999999999	23
DGKQ	epsilon cell	AAB	35	0.0	0.0	0.0	0
DGKQ	epsilon cell	Control	97	0.09278350323438644	0.0	9.278350515463918	9
DGKQ	epsilon cell	T1D	41	0.04878048598766327	0.0	4.878048780487805	2
DGKQ	epsilon cell	T2D	23	0.043478261679410934	0.0	4.3478260869565215	1
DGKQ	leukocyte	AAB	136	0.029411764815449715	0.0	2.941176470588235	4
DGKQ	leukocyte	Control	529	0.018903592601418495	0.0	1.890359168241966	10
DGKQ	leukocyte	T1D	229	0.052401747554540634	0.0	4.8034934497816595	11
DGKQ	leukocyte	T2D	304	0.01315789483487606	0.0	1.3157894736842104	4
DGKQ	mesenchymal cell	AAB	1571	0.0388287715613842	0.0	3.755569700827498	59
DGKQ	mesenchymal cell	Control	4411	0.04602130874991417	0.0	4.216730900022671	186
DGKQ	mesenchymal cell	T1D	1132	0.03356890380382538	0.0	3.2685512367491167	37
DGKQ	mesenchymal cell	T2D	2473	0.041649818420410156	0.0	3.962798220784472	98
DGKQ	unknown	AAB	901	0.0077691455371677876	0.0	0.776914539400666	7
DGKQ	unknown	Control	3424	0.006717289797961712	0.0	0.6133177570093458	21
DGKQ	unknown	T1D	1206	0.006633499171584845	0.0	0.6633499170812603	8
DGKQ	unknown	T2D	1828	0.005470459349453449	0.0	0.5470459518599562	10
HLA-DQA1	PP cell	AAB	447	0.0	0.0	0.0	0
HLA-DQA1	PP cell	Control	1402	0.0	0.0	0.0	0
HLA-DQA1	PP cell	T1D	362	0.0	0.0	0.0	0
HLA-DQA1	PP cell	T2D	614	0.0	0.0	0.0	0
HLA-DQA1	acinar cell	AAB	6645	0.006170052569359541	0.0	0.3160270880361174	21
HLA-DQA1	acinar cell	Control	25693	0.008406959474086761	0.0	0.38921106916280696	100
HLA-DQA1	acinar cell	T1D	11264	0.0032848010305315256	0.0	0.23082386363636365	26
HLA-DQA1	acinar cell	T2D	15892	0.015919959172606468	0.0	0.8935313365215202	142
HLA-DQA1	alpha cell	AAB	8759	0.00022833656112197787	0.0	0.022833656810138145	2
HLA-DQA1	alpha cell	Control	31545	0.0004755111876875162	0.0	0.034870819464257415	11
HLA-DQA1	alpha cell	T1D	8175	0.0011009174631908536	0.0	0.03669724770642202	3
HLA-DQA1	alpha cell	T2D	16634	0.0018035349203273654	0.0	0.06011783094865938	10
HLA-DQA1	beta cell	AAB	8523	0.0009386366582475603	0.0	0.08213070515076851	7
HLA-DQA1	beta cell	Control	27160	0.0005154639366082847	0.0	0.04050073637702504	11
HLA-DQA1	beta cell	T1D	715	0.002797202905640006	0.0	0.27972027972027974	2
HLA-DQA1	beta cell	T2D	8161	0.0009802720742300153	0.0	0.08577380223011886	7
HLA-DQA1	delta cell	AAB	655	0.0	0.0	0.0	0
HLA-DQA1	delta cell	Control	3358	0.0011911852052435279	0.0	0.08933889219773675	3
HLA-DQA1	delta cell	T1D	737	0.0	0.0	0.0	0
HLA-DQA1	delta cell	T2D	919	0.0	0.0	0.0	0
HLA-DQA1	duct epithelial cell	AAB	3313	0.03742831200361252	0.0	2.2939933594929065	76
HLA-DQA1	duct epithelial cell	Control	6724	0.012046401388943195	0.0	0.74360499702558	50
HLA-DQA1	duct epithelial cell	T1D	5311	0.004518922884017229	0.0	0.24477499529278854	13
HLA-DQA1	duct epithelial cell	T2D	4877	0.015583350323140621	0.0	0.8611851548082838	42
HLA-DQA1	endothelial cell	AAB	913	0.04162102937698364	0.0	2.7382256297918945	25
HLA-DQA1	endothelial cell	Control	2744	0.025510204955935478	0.0	1.7857142857142856	49
HLA-DQA1	endothelial cell	T1D	945	0.045502644032239914	0.0	3.5978835978835977	34
HLA-DQA1	endothelial cell	T2D	1250	0.052000001072883606	0.0	3.36	42
HLA-DQA1	epsilon cell	AAB	35	0.0	0.0	0.0	0
HLA-DQA1	epsilon cell	Control	97	0.0	0.0	0.0	0
HLA-DQA1	epsilon cell	T1D	41	0.0	0.0	0.0	0
HLA-DQA1	epsilon cell	T2D	23	0.0	0.0	0.0	0
HLA-DQA1	leukocyte	AAB	136	2.3602941036224365	0.0	47.794117647058826	65
HLA-DQA1	leukocyte	Control	529	1.5765595436096191	1.0	52.55198487712666	278
HLA-DQA1	leukocyte	T1D	229	1.3886462450027466	0.0	30.131004366812224	69
HLA-DQA1	leukocyte	T2D	304	2.6940789222717285	1.0	66.44736842105263	202
HLA-DQA1	mesenchymal cell	AAB	1571	0.005728835240006447	0.0	0.5728835136855506	9
HLA-DQA1	mesenchymal cell	Control	4411	0.00974835641682148	0.0	0.4534119247336205	20
HLA-DQA1	mesenchymal cell	T1D	1132	0.0035335689317435026	0.0	0.26501766784452296	3
HLA-DQA1	mesenchymal cell	T2D	2473	0.0210270918905735	0.0	0.44480388192478765	11
HLA-DQA1	unknown	AAB	901	0.01997780241072178	0.0	1.2208657047724751	11
HLA-DQA1	unknown	Control	3424	0.027161214500665665	0.0	1.4310747663551402	49
HLA-DQA1	unknown	T1D	1206	0.046434495598077774	0.0	1.4925373134328357	18
HLA-DQA1	unknown	T2D	1828	0.031181618571281433	0.0	1.6411378555798686	30
HLA-DQB1	PP cell	AAB	447	0.0044742729514837265	0.0	0.44742729306487694	2
HLA-DQB1	PP cell	Control	1402	0.004279600456357002	0.0	0.42796005706134094	6
HLA-DQB1	PP cell	T1D	362	0.0	0.0	0.0	0
HLA-DQB1	PP cell	T2D	614	0.004885993432253599	0.0	0.4885993485342019	3
HLA-DQB1	acinar cell	AAB	6645	0.007072987034916878	0.0	0.4966139954853273	33
HLA-DQB1	acinar cell	Control	25693	0.017086366191506386	0.0	1.1870937609465613	305
HLA-DQB1	acinar cell	T1D	11264	0.0057705966755747795	0.0	0.4971590909090909	56
HLA-DQB1	acinar cell	T2D	15892	0.039390888065099716	0.0	2.277875660709791	362
HLA-DQB1	alpha cell	AAB	8759	0.0031967118848115206	0.0	0.26258705331658866	23
HLA-DQB1	alpha cell	Control	31545	0.005642732605338097	0.0	0.46917102551909967	148
HLA-DQB1	alpha cell	T1D	8175	0.0014678898733109236	0.0	0.09785932721712538	8
HLA-DQB1	alpha cell	T2D	16634	0.021762654185295105	0.0	1.4067572441986294	234
HLA-DQB1	beta cell	AAB	8523	0.00879971869289875	0.0	0.6687785990848293	57
HLA-DQB1	beta cell	Control	27160	0.06273932009935379	0.0	5.1141384388807065	1389
HLA-DQB1	beta cell	T1D	715	0.18601398169994354	0.0	10.76923076923077	77
HLA-DQB1	beta cell	T2D	8161	0.09557652473449707	0.0	6.898664379365274	563
HLA-DQB1	delta cell	AAB	655	0.004580152686685324	0.0	0.45801526717557256	3
HLA-DQB1	delta cell	Control	3358	0.011316259391605854	0.0	0.9231685527099465	31
HLA-DQB1	delta cell	T1D	737	0.016282225027680397	0.0	1.2211668928086838	9
HLA-DQB1	delta cell	T2D	919	0.023939063772559166	0.0	1.958650707290533	18
HLA-DQB1	duct epithelial cell	AAB	3313	0.06036824733018875	0.0	4.165408994868699	138
HLA-DQB1	duct epithelial cell	Control	6724	0.10856632888317108	0.0	7.629387269482452	513
HLA-DQB1	duct epithelial cell	T1D	5311	0.03690453618764877	0.0	2.4854076445113913	132
HLA-DQB1	duct epithelial cell	T2D	4877	0.11708017438650131	0.0	7.566126717244208	369
HLA-DQB1	endothelial cell	AAB	913	0.11062431335449219	0.0	8.543263964950713	78
HLA-DQB1	endothelial cell	Control	2744	0.123906709253788	0.0	9.548104956268222	262
HLA-DQB1	endothelial cell	T1D	945	0.1587301641702652	0.0	13.756613756613756	130
HLA-DQB1	endothelial cell	T2D	1250	0.18160000443458557	0.0	13.44	168
HLA-DQB1	epsilon cell	AAB	35	0.05714285746216774	0.0	5.714285714285714	2
HLA-DQB1	epsilon cell	Control	97	0.04123711213469505	0.0	4.123711340206185	4
HLA-DQB1	epsilon cell	T1D	41	0.0	0.0	0.0	0
HLA-DQB1	epsilon cell	T2D	23	0.0	0.0	0.0	0
HLA-DQB1	leukocyte	AAB	136	1.9558823108673096	1.0	55.14705882352941	75
HLA-DQB1	leukocyte	Control	529	2.2703213691711426	1.0	62.003780718336486	328
HLA-DQB1	leukocyte	T1D	229	1.0917030572891235	0.0	41.48471615720524	95
HLA-DQB1	leukocyte	T2D	304	2.7828948497772217	1.0	67.10526315789474	204
HLA-DQB1	mesenchymal cell	AAB	1571	0.012094207108020782	0.0	0.9548058561425843	15
HLA-DQB1	mesenchymal cell	Control	4411	0.032872363924980164	0.0	2.2443890274314215	99
HLA-DQB1	mesenchymal cell	T1D	1132	0.035335689783096313	0.0	2.2968197879858656	26
HLA-DQB1	mesenchymal cell	T2D	2473	0.02871006913483143	0.0	1.5770319450060657	39
HLA-DQB1	unknown	AAB	901	0.022197557613253593	0.0	1.8867924528301887	17
HLA-DQB1	unknown	Control	3424	0.03884345665574074	0.0	2.4824766355140184	85
HLA-DQB1	unknown	T1D	1206	0.05638474225997925	0.0	2.6533996683250414	32
HLA-DQB1	unknown	T2D	1828	0.03555798530578613	0.0	2.6805251641137855	49
HLA-DRB1	PP cell	AAB	447	0.0044742729514837265	0.0	0.22371364653243847	1
HLA-DRB1	PP cell	Control	1402	0.0014265335630625486	0.0	0.14265335235378032	2
HLA-DRB1	PP cell	T1D	362	0.005524862091988325	0.0	0.5524861878453038	2
HLA-DRB1	PP cell	T2D	614	0.014657980762422085	0.0	0.4885993485342019	3
HLA-DRB1	acinar cell	AAB	6645	0.06516177207231522	0.0	2.9044394281414596	193
HLA-DRB1	acinar cell	Control	25693	0.08368037641048431	0.0	3.514575954540147	903
HLA-DRB1	acinar cell	T1D	11264	0.045809660106897354	0.0	2.5923295454545454	292
HLA-DRB1	acinar cell	T2D	15892	0.12748552858829498	0.0	5.581424616159074	887
HLA-DRB1	alpha cell	AAB	8759	0.0027400387916713953	0.0	0.20550291129124326	18
HLA-DRB1	alpha cell	Control	31545	0.0038040895015001297	0.0	0.3170074496750674	100
HLA-DRB1	alpha cell	T1D	8175	0.006972476840019226	0.0	0.3547400611620795	29
HLA-DRB1	alpha cell	T2D	16634	0.012083684094250202	0.0	0.8055789347120356	134
HLA-DRB1	beta cell	AAB	8523	0.033204272389411926	0.0	1.8420743869529508	157
HLA-DRB1	beta cell	Control	27160	0.007805596571415663	0.0	0.6075110456553756	165
HLA-DRB1	beta cell	T1D	715	0.26433566212654114	0.0	8.951048951048952	64
HLA-DRB1	beta cell	T2D	8161	0.009190049953758717	0.0	0.6861904178409509	56
HLA-DRB1	delta cell	AAB	655	0.009160305373370647	0.0	0.7633587786259541	5
HLA-DRB1	delta cell	Control	3358	0.00833829678595066	0.0	0.6253722453841573	21
HLA-DRB1	delta cell	T1D	737	0.09226594120264053	0.0	2.7137042062415198	20
HLA-DRB1	delta cell	T2D	919	0.01088139321655035	0.0	1.088139281828074	10
HLA-DRB1	duct epithelial cell	AAB	3313	0.5904014706611633	0.0	22.15514639299728	734
HLA-DRB1	duct epithelial cell	Control	6724	0.4234086871147156	0.0	19.660916121356337	1322
HLA-DRB1	duct epithelial cell	T1D	5311	0.2833741307258606	0.0	13.481453586895123	716
HLA-DRB1	duct epithelial cell	T2D	4877	0.40434694290161133	0.0	17.674800082017633	862
HLA-DRB1	endothelial cell	AAB	913	0.8970426917076111	0.0	30.44906900328587	278
HLA-DRB1	endothelial cell	Control	2744	0.5134839415550232	0.0	25.94752186588921	712
HLA-DRB1	endothelial cell	T1D	945	1.0899471044540405	1.0	50.58201058201058	478
HLA-DRB1	endothelial cell	T2D	1250	0.930400013923645	0.0	40.32	504
HLA-DRB1	epsilon cell	AAB	35	0.0	0.0	0.0	0
HLA-DRB1	epsilon cell	Control	97	0.0	0.0	0.0	0
HLA-DRB1	epsilon cell	T1D	41	0.0	0.0	0.0	0
HLA-DRB1	epsilon cell	T2D	23	0.0	0.0	0.0	0
HLA-DRB1	leukocyte	AAB	136	12.308823585510254	6.0	81.61764705882352	111
HLA-DRB1	leukocyte	Control	529	7.313799858093262	4.0	83.93194706994329	444
HLA-DRB1	leukocyte	T1D	229	6.842794895172119	4.0	78.16593886462883	179
HLA-DRB1	leukocyte	T2D	304	9.7828950881958	5.0	84.21052631578947	256
HLA-DRB1	mesenchymal cell	AAB	1571	0.08211330324411392	0.0	4.392106938255888	69
HLA-DRB1	mesenchymal cell	Control	4411	0.13148945569992065	0.0	4.783495805939697	211
HLA-DRB1	mesenchymal cell	T1D	1132	0.09098939597606659	0.0	4.328621908127209	49
HLA-DRB1	mesenchymal cell	T2D	2473	0.13020622730255127	0.0	4.084108370400323	101
HLA-DRB1	unknown	AAB	901	0.1243063285946846	0.0	4.8834628190899005	44
HLA-DRB1	unknown	Control	3424	0.13113318383693695	0.0	4.702102803738318	161
HLA-DRB1	unknown	T1D	1206	0.2553897202014923	0.0	9.701492537313433	117
HLA-DRB1	unknown	T2D	1828	0.1548140048980713	0.0	6.5098468271334795	119
HLA-DRB5	PP cell	AAB	447	0.0	0.0	0.0	0
HLA-DRB5	PP cell	Control	1402	0.0	0.0	0.0	0
HLA-DRB5	PP cell	T1D	362	0.0	0.0	0.0	0
HLA-DRB5	PP cell	T2D	614	0.004885993432253599	0.0	0.4885993485342019	3
HLA-DRB5	acinar cell	AAB	6645	0.017155755311250687	0.0	1.0985703536493605	73
HLA-DRB5	acinar cell	Control	25693	0.023158058524131775	0.0	1.2065543144047017	310
HLA-DRB5	acinar cell	T1D	11264	0.005237926263362169	0.0	0.4083806818181818	46
HLA-DRB5	acinar cell	T2D	15892	0.05682104080915451	0.0	2.6994714321671283	429
HLA-DRB5	alpha cell	AAB	8759	0.0005708414246328175	0.0	0.057084142025345355	5
HLA-DRB5	alpha cell	Control	31545	0.0008559201378375292	0.0	0.06340148993501347	20
HLA-DRB5	alpha cell	T1D	8175	0.0013455657754093409	0.0	0.03669724770642202	3
HLA-DRB5	alpha cell	T2D	16634	0.005049897823482752	0.0	0.31862450402789466	53
HLA-DRB5	beta cell	AAB	8523	0.007509093265980482	0.0	0.5397160624193359	46
HLA-DRB5	beta cell	Control	27160	0.0010309278732165694	0.0	0.06995581737849779	19
HLA-DRB5	beta cell	T1D	715	0.015384615398943424	0.0	0.5594405594405595	4
HLA-DRB5	beta cell	T2D	8161	0.0019605441484600306	0.0	0.1838010047788261	15
HLA-DRB5	delta cell	AAB	655	0.0	0.0	0.0	0
HLA-DRB5	delta cell	Control	3358	0.002084574196487665	0.0	0.1786777843954735	6
HLA-DRB5	delta cell	T1D	737	0.0013568521244451404	0.0	0.13568521031207598	1
HLA-DRB5	delta cell	T2D	919	0.002176278503611684	0.0	0.2176278563656148	2
HLA-DRB5	duct epithelial cell	AAB	3313	0.2547540068626404	0.0	13.492303048596439	447
HLA-DRB5	duct epithelial cell	Control	6724	0.16032123565673828	0.0	8.536585365853659	574
HLA-DRB5	duct epithelial cell	T1D	5311	0.03746940195560455	0.0	2.4665787987196386	131
HLA-DRB5	duct epithelial cell	T2D	4877	0.12343654036521912	0.0	6.581915111749026	321
HLA-DRB5	endothelial cell	AAB	913	0.10514786094427109	0.0	8.652792990142387	79
HLA-DRB5	endothelial cell	Control	2744	0.15415452420711517	0.0	9.037900874635568	248
HLA-DRB5	endothelial cell	T1D	945	0.15661375224590302	0.0	12.275132275132275	116
HLA-DRB5	endothelial cell	T2D	1250	0.3176000118255615	0.0	15.28	191
HLA-DRB5	epsilon cell	AAB	35	0.0	0.0	0.0	0
HLA-DRB5	epsilon cell	Control	97	0.0	0.0	0.0	0
HLA-DRB5	epsilon cell	T1D	41	0.0	0.0	0.0	0
HLA-DRB5	epsilon cell	T2D	23	0.0	0.0	0.0	0
HLA-DRB5	leukocyte	AAB	136	3.1102941036224365	1.0	58.82352941176471	80
HLA-DRB5	leukocyte	Control	529	2.0340263843536377	0.0	48.96030245746692	259
HLA-DRB5	leukocyte	T1D	229	0.9475982785224915	0.0	37.99126637554585	87
HLA-DRB5	leukocyte	T2D	304	3.7796051502227783	1.0	53.61842105263158	163
HLA-DRB5	mesenchymal cell	AAB	1571	0.01718650572001934	0.0	1.1457670273711011	18
HLA-DRB5	mesenchymal cell	Control	4411	0.03717977926135063	0.0	1.7456359102244388	77
HLA-DRB5	mesenchymal cell	T1D	1132	0.013250883668661118	0.0	0.88339222614841	10
HLA-DRB5	mesenchymal cell	T2D	2473	0.06672058254480362	0.0	2.7496967246259603	68
HLA-DRB5	unknown	AAB	901	0.03107658214867115	0.0	2.4417314095449503	22
HLA-DRB5	unknown	Control	3424	0.037967290729284286	0.0	1.6355140186915886	56
HLA-DRB5	unknown	T1D	1206	0.03316749632358551	0.0	1.9900497512437811	24
HLA-DRB5	unknown	T2D	1828	0.05306345596909523	0.0	2.5711159737417946	47
IFIH1	PP cell	AAB	447	0.031319908797740936	0.0	2.9082774049217	13
IFIH1	PP cell	Control	1402	0.029243936762213707	0.0	2.5677603423680457	36
IFIH1	PP cell	T1D	362	0.11049723625183105	0.0	7.734806629834254	28
IFIH1	PP cell	T2D	614	0.02931596152484417	0.0	2.6058631921824107	16
IFIH1	acinar cell	AAB	6645	0.09240029752254486	0.0	7.479307750188112	497
IFIH1	acinar cell	Control	25693	0.046861011534929276	0.0	4.141205775892266	1064
IFIH1	acinar cell	T1D	11264	0.12979403138160706	0.0	10.529119318181818	1186
IFIH1	acinar cell	T2D	15892	0.05398942902684212	0.0	4.7130631764409765	749
IFIH1	alpha cell	AAB	8759	0.1113140806555748	0.0	9.544468546637743	836
IFIH1	alpha cell	Control	31545	0.10011095553636551	0.0	8.435568235853543	2661
IFIH1	alpha cell	T1D	8175	0.21223241090774536	0.0	16.819571865443425	1375
IFIH1	alpha cell	T2D	16634	0.14115667343139648	0.0	11.861248046170495	1973
IFIH1	beta cell	AAB	8523	0.03484688326716423	0.0	3.1796315851226096	271
IFIH1	beta cell	Control	27160	0.030449189245700836	0.0	2.8755522827687776	781
IFIH1	beta cell	T1D	715	0.1090909093618393	0.0	9.51048951048951	68
IFIH1	beta cell	T2D	8161	0.045827716588974	0.0	4.190662908957235	342
IFIH1	delta cell	AAB	655	0.035114504396915436	0.0	3.3587786259541987	22
IFIH1	delta cell	Control	3358	0.04377605766057968	0.0	3.960690887432996	133
IFIH1	delta cell	T1D	737	0.08141112327575684	0.0	7.598371777476255	56
IFIH1	delta cell	T2D	919	0.053318824619054794	0.0	4.787812840043525	44
IFIH1	duct epithelial cell	AAB	3313	0.20072442293167114	0.0	15.84666465439179	525
IFIH1	duct epithelial cell	Control	6724	0.11109458655118942	0.0	9.473527662105889	637
IFIH1	duct epithelial cell	T1D	5311	0.1961965709924698	0.0	16.098663151948784	855
IFIH1	duct epithelial cell	T2D	4877	0.1330736130475998	0.0	11.072380561820792	540
IFIH1	endothelial cell	AAB	913	0.1927710771560669	0.0	10.514786418400876	96
IFIH1	endothelial cell	Control	2744	0.047740526497364044	0.0	4.0087463556851315	110
IFIH1	endothelial cell	T1D	945	0.08465608209371567	0.0	6.56084656084656	62
IFIH1	endothelial cell	T2D	1250	0.1080000028014183	0.0	7.04	88
IFIH1	epsilon cell	AAB	35	0.0	0.0	0.0	0
IFIH1	epsilon cell	Control	97	0.06185567006468773	0.0	5.154639175257731	5
IFIH1	epsilon cell	T1D	41	0.0731707289814949	0.0	7.317073170731707	3
IFIH1	epsilon cell	T2D	23	0.0	0.0	0.0	0
IFIH1	leukocyte	AAB	136	0.11764705926179886	0.0	8.088235294117647	11
IFIH1	leukocyte	Control	529	0.06238185241818428	0.0	6.049149338374291	32
IFIH1	leukocyte	T1D	229	0.09606987237930298	0.0	7.860262008733625	18
IFIH1	leukocyte	T2D	304	0.05921052768826485	0.0	4.605263157894736	14
IFIH1	mesenchymal cell	AAB	1571	0.028007637709379196	0.0	2.3551877784850412	37
IFIH1	mesenchymal cell	Control	4411	0.023350713774561882	0.0	2.131036046248016	94
IFIH1	mesenchymal cell	T1D	1132	0.02915194258093834	0.0	2.385159010600707	27
IFIH1	mesenchymal cell	T2D	2473	0.02749696746468544	0.0	2.3857662757784066	59
IFIH1	unknown	AAB	901	0.06548279523849487	0.0	2.2197558268590454	20
IFIH1	unknown	Control	3424	0.0151869161054492	0.0	1.3434579439252337	46
IFIH1	unknown	T1D	1206	0.03731343150138855	0.0	2.8192371475953566	34
IFIH1	unknown	T2D	1828	0.030634572729468346	0.0	2.62582056892779	48
IL2RA	PP cell	AAB	447	0.0	0.0	0.0	0
IL2RA	PP cell	Control	1402	0.0	0.0	0.0	0
IL2RA	PP cell	T1D	362	0.0	0.0	0.0	0
IL2RA	PP cell	T2D	614	0.0	0.0	0.0	0
IL2RA	acinar cell	AAB	6645	0.0	0.0	0.0	0
IL2RA	acinar cell	Control	25693	0.0	0.0	0.0	0
IL2RA	acinar cell	T1D	11264	8.877841173671186e-05	0.0	0.00887784090909091	1
IL2RA	acinar cell	T2D	15892	0.00044047320261597633	0.0	0.03146237100427888	5
IL2RA	alpha cell	AAB	8759	0.0	0.0	0.0	0
IL2RA	alpha cell	Control	31545	6.340148684103042e-05	0.0	0.006340148993501347	2
IL2RA	alpha cell	T1D	8175	0.00012232415610924363	0.0	0.012232415902140673	1
IL2RA	alpha cell	T2D	16634	6.011783261783421e-05	0.0	0.006011783094865938	1
IL2RA	beta cell	AAB	8523	0.0	0.0	0.0	0
IL2RA	beta cell	Control	27160	7.363770419033244e-05	0.0	0.007363770250368188	2
IL2RA	beta cell	T1D	715	0.0	0.0	0.0	0
IL2RA	beta cell	T2D	8161	0.0	0.0	0.0	0
IL2RA	delta cell	AAB	655	0.0	0.0	0.0	0
IL2RA	delta cell	Control	3358	0.0	0.0	0.0	0
IL2RA	delta cell	T1D	737	0.0	0.0	0.0	0
IL2RA	delta cell	T2D	919	0.0	0.0	0.0	0
IL2RA	duct epithelial cell	AAB	3313	0.0	0.0	0.0	0
IL2RA	duct epithelial cell	Control	6724	0.0	0.0	0.0	0
IL2RA	duct epithelial cell	T1D	5311	0.0	0.0	0.0	0
IL2RA	duct epithelial cell	T2D	4877	0.0	0.0	0.0	0
IL2RA	endothelial cell	AAB	913	0.0	0.0	0.0	0
IL2RA	endothelial cell	Control	2744	0.007288629654794931	0.0	0.1457725947521866	4
IL2RA	endothelial cell	T1D	945	0.0	0.0	0.0	0
IL2RA	endothelial cell	T2D	1250	0.0015999999595806003	0.0	0.16	2
IL2RA	epsilon cell	AAB	35	0.0	0.0	0.0	0
IL2RA	epsilon cell	Control	97	0.0	0.0	0.0	0
IL2RA	epsilon cell	T1D	41	0.0	0.0	0.0	0
IL2RA	epsilon cell	T2D	23	0.0	0.0	0.0	0
IL2RA	leukocyte	AAB	136	0.036764707416296005	0.0	2.2058823529411766	3
IL2RA	leukocyte	Control	529	0.04536861926317215	0.0	1.7013232514177694	9
IL2RA	leukocyte	T1D	229	0.05676855891942978	0.0	2.1834061135371177	5
IL2RA	leukocyte	T2D	304	0.02631578966975212	0.0	1.644736842105263	5
IL2RA	mesenchymal cell	AAB	1571	0.0	0.0	0.0	0
IL2RA	mesenchymal cell	Control	4411	0.0013602357357740402	0.0	0.13602357742008614	6
IL2RA	mesenchymal cell	T1D	1132	0.0017667844658717513	0.0	0.17667844522968199	2
IL2RA	mesenchymal cell	T2D	2473	0.0008087343303486705	0.0	0.08087343307723413	2
IL2RA	unknown	AAB	901	0.0011098779505118728	0.0	0.11098779134295228	1
IL2RA	unknown	Control	3424	0.001460280385799706	0.0	0.14602803738317757	5
IL2RA	unknown	T1D	1206	0.0	0.0	0.0	0
IL2RA	unknown	T2D	1828	0.004376367665827274	0.0	0.2188183807439825	4
INS	PP cell	AAB	447	667.6241455078125	28.0	99.10514541387025	443
INS	PP cell	Control	1402	138.7924346923828	12.0	96.3623395149786	1351
INS	PP cell	T1D	362	6.850828647613525	0.0	48.06629834254144	174
INS	PP cell	T2D	614	203.5781707763672	13.0	97.23127035830619	597
INS	acinar cell	AAB	6645	54.242889404296875	25.0	85.22197140707299	5663
INS	acinar cell	Control	25693	94.32289123535156	9.0	89.20328494142373	22919
INS	acinar cell	T1D	11264	1.2541725635528564	0.0	15.154474431818182	1707
INS	acinar cell	T2D	15892	27.46092414855957	14.0	98.69745784042286	15685
INS	alpha cell	AAB	8759	151.4838409423828	32.0	99.86299805913917	8747
INS	alpha cell	Control	31545	222.3423614501953	15.0	97.52417181803771	30764
INS	alpha cell	T1D	8175	40.560367584228516	0.0	37.65137614678899	3078
INS	alpha cell	T2D	16634	258.17633056640625	10.0	98.34675964891187	16359
INS	beta cell	AAB	8523	11062.4619140625	9376.0	100.0	8523
INS	beta cell	Control	27160	7928.67724609375	5098.5	99.99631811487481	27159
INS	beta cell	T1D	715	6370.84033203125	4516.0	99.86013986013987	714
INS	beta cell	T2D	8161	10231.1171875	7337.0	100.0	8161
INS	delta cell	AAB	655	1263.9267578125	34.0	99.69465648854961	653
INS	delta cell	Control	3358	761.6292724609375	24.0	99.22572960095295	3332
INS	delta cell	T1D	737	293.2903747558594	0.0	26.051560379918588	192
INS	delta cell	T2D	919	1146.8770751953125	15.0	99.02067464635473	910
INS	duct epithelial cell	AAB	3313	21.29640769958496	1.0	56.685783277995775	1878
INS	duct epithelial cell	Control	6724	16.22442054748535	4.0	81.51397977394407	5481
INS	duct epithelial cell	T1D	5311	1.298437237739563	0.0	17.849745810581812	948
INS	duct epithelial cell	T2D	4877	11.852778434753418	9.0	96.39122411318434	4701
INS	endothelial cell	AAB	913	14.364731788635254	12.0	84.66593647316539	773
INS	endothelial cell	Control	2744	17.204811096191406	15.0	92.71137026239067	2544
INS	endothelial cell	T1D	945	0.7502645254135132	0.0	11.64021164021164	110
INS	endothelial cell	T2D	1250	9.180800437927246	7.0	98.32	1229
INS	epsilon cell	AAB	35	27.399999618530273	22.0	97.14285714285714	34
INS	epsilon cell	Control	97	25.670103073120117	11.0	89.69072164948454	87
INS	epsilon cell	T1D	41	1.7560975551605225	0.0	21.951219512195124	9
INS	epsilon cell	T2D	23	18.34782600402832	13.0	91.30434782608695	21
INS	leukocyte	AAB	136	17.264705657958984	13.0	76.47058823529412	104
INS	leukocyte	Control	529	14.020793914794922	7.0	86.76748582230623	459
INS	leukocyte	T1D	229	0.9519650936126709	0.0	12.663755458515283	29
INS	leukocyte	T2D	304	7.825657844543457	6.0	96.05263157894737	292
INS	mesenchymal cell	AAB	1571	26.04137420654297	17.0	89.17886696371737	1401
INS	mesenchymal cell	Control	4411	22.260257720947266	14.0	93.83359782362277	4139
INS	mesenchymal cell	T1D	1132	1.258833885192871	0.0	16.166077738515902	183
INS	mesenchymal cell	T2D	2473	12.192883491516113	8.0	98.38253133845531	2433
INS	unknown	AAB	901	11.841287612915039	9.0	80.6881243063263	727
INS	unknown	Control	3424	8.82856273651123	5.0	80.89953271028037	2770
INS	unknown	T1D	1206	1.5961856842041016	0.0	17.24709784411277	208
INS	unknown	T2D	1828	7.705689430236816	5.0	91.68490153172867	1676
MEG3	PP cell	AAB	447	0.5525727272033691	0.0	14.541387024608502	65
MEG3	PP cell	Control	1402	0.2631954252719879	0.0	9.985734664764621	140
MEG3	PP cell	T1D	362	0.18508286774158478	0.0	9.392265193370166	34
MEG3	PP cell	T2D	614	0.4967426657676697	0.0	20.35830618892508	125
MEG3	acinar cell	AAB	6645	1.145522952079773	0.0	32.46049661399549	2157
MEG3	acinar cell	Control	25693	1.4107733964920044	0.0	38.46962207605184	9884
MEG3	acinar cell	T1D	11264	4.804154872894287	0.0	47.81605113636363	5386
MEG3	acinar cell	T2D	15892	1.795494556427002	0.0	35.52101686383086	5645
MEG3	alpha cell	AAB	8759	0.39422309398651123	0.0	19.18027172051604	1680
MEG3	alpha cell	Control	31545	0.2899667024612427	0.0	10.968457758757332	3460
MEG3	alpha cell	T1D	8175	0.34691131114959717	0.0	16.207951070336392	1325
MEG3	alpha cell	T2D	16634	0.3099074065685272	0.0	12.101719369965132	2013
MEG3	beta cell	AAB	8523	3.7261526584625244	1.0	58.64132347764871	4998
MEG3	beta cell	Control	27160	3.6163108348846436	1.0	57.047128129602356	15494
MEG3	beta cell	T1D	715	7.576223850250244	4.0	78.32167832167832	560
MEG3	beta cell	T2D	8161	5.415635108947754	2.0	64.4773924764122	5262
MEG3	delta cell	AAB	655	0.9129770994186401	0.0	21.374045801526716	140
MEG3	delta cell	Control	3358	0.7715902328491211	0.0	12.775461584276353	429
MEG3	delta cell	T1D	737	4.816824913024902	0.0	42.33378561736771	312
MEG3	delta cell	T2D	919	1.6866159439086914	0.0	19.477693144722526	179
MEG3	duct epithelial cell	AAB	3313	0.5774222612380981	0.0	14.699667974645337	487
MEG3	duct epithelial cell	Control	6724	0.36763831973075867	0.0	17.02855443188578	1145
MEG3	duct epithelial cell	T1D	5311	0.8109583854675293	0.0	21.690830352099415	1152
MEG3	duct epithelial cell	T2D	4877	0.26122617721557617	0.0	11.68751281525528	570
MEG3	endothelial cell	AAB	913	0.1095290258526802	0.0	3.8335158817086525	35
MEG3	endothelial cell	Control	2744	0.05029154568910599	0.0	3.206997084548105	88
MEG3	endothelial cell	T1D	945	0.1428571492433548	0.0	7.724867724867725	73
MEG3	endothelial cell	T2D	1250	0.10559999942779541	0.0	3.36	42
MEG3	epsilon cell	AAB	35	0.6571428775787354	0.0	25.71428571428571	9
MEG3	epsilon cell	Control	97	1.0721648931503296	0.0	42.2680412371134	41
MEG3	epsilon cell	T1D	41	1.9756097793579102	1.0	60.97560975609756	25
MEG3	epsilon cell	T2D	23	2.08695650100708	0.0	26.08695652173913	6
MEG3	leukocyte	AAB	136	0.007352941203862429	0.0	0.7352941176470588	1
MEG3	leukocyte	Control	529	0.03213610500097275	0.0	3.0245746691871456	16
MEG3	leukocyte	T1D	229	0.08733624219894409	0.0	7.860262008733625	18
MEG3	leukocyte	T2D	304	0.02631578966975212	0.0	1.9736842105263157	6
MEG3	mesenchymal cell	AAB	1571	1.218332290649414	0.0	39.14704010184596	615
MEG3	mesenchymal cell	Control	4411	0.893674910068512	0.0	35.16209476309227	1551
MEG3	mesenchymal cell	T1D	1132	1.8295053243637085	1.0	56.18374558303887	636
MEG3	mesenchymal cell	T2D	2473	1.0	0.0	36.55479175090983	904
MEG3	unknown	AAB	901	0.3140954375267029	0.0	9.100998890122087	82
MEG3	unknown	Control	3424	0.32184579968452454	0.0	11.711448598130842	401
MEG3	unknown	T1D	1206	0.6409618854522705	0.0	17.66169154228856	213
MEG3	unknown	T2D	1828	0.32549235224723816	0.0	11.159737417943107	204
PTPN22	PP cell	AAB	447	0.0022371364757418633	0.0	0.22371364653243847	1
PTPN22	PP cell	Control	1402	0.0014265335630625486	0.0	0.14265335235378032	2
PTPN22	PP cell	T1D	362	0.0	0.0	0.0	0
PTPN22	PP cell	T2D	614	0.0032573288772255182	0.0	0.32573289902280134	2
PTPN22	acinar cell	AAB	6645	0.006922498345375061	0.0	0.6320541760722348	42
PTPN22	acinar cell	Control	25693	0.002763398690149188	0.0	0.2646635270307088	68
PTPN22	acinar cell	T1D	11264	0.009144175797700882	0.0	0.7457386363636364	84
PTPN22	acinar cell	T2D	15892	0.0036496350076049566	0.0	0.34608608104706773	55
PTPN22	alpha cell	AAB	8759	0.0020550291519612074	0.0	0.20550291129124326	18
PTPN22	alpha cell	Control	31545	0.0013948327396064997	0.0	0.13314312886352828	42
PTPN22	alpha cell	T1D	8175	0.001957186497747898	0.0	0.19571865443425077	16
PTPN22	alpha cell	T2D	16634	0.0025850667152553797	0.0	0.23445954069977157	39
PTPN22	beta cell	AAB	8523	0.0005866478895768523	0.0	0.05866478939340608	5
PTPN22	beta cell	Control	27160	0.00047864505904726684	0.0	0.04786450662739322	13
PTPN22	beta cell	T1D	715	0.001398601452820003	0.0	0.13986013986013987	1
PTPN22	beta cell	T2D	8161	0.000735204026568681	0.0	0.07352040191153045	6
PTPN22	delta cell	AAB	655	0.0015267175622284412	0.0	0.15267175572519084	1
PTPN22	delta cell	Control	3358	0.00029779630131088197	0.0	0.02977963073257892	1
PTPN22	delta cell	T1D	737	0.0	0.0	0.0	0
PTPN22	delta cell	T2D	919	0.0	0.0	0.0	0
PTPN22	duct epithelial cell	AAB	3313	0.0024147299118340015	0.0	0.24147298520977964	8
PTPN22	duct epithelial cell	Control	6724	0.0002974419912789017	0.0	0.0297441998810232	2
PTPN22	duct epithelial cell	T1D	5311	0.0018828845350071788	0.0	0.16945961212577668	9
PTPN22	duct epithelial cell	T2D	4877	0.0014353086007758975	0.0	0.14353085913471397	7
PTPN22	endothelial cell	AAB	913	0.0	0.0	0.0	0
PTPN22	endothelial cell	Control	2744	0.0007288630004040897	0.0	0.0728862973760933	2
PTPN22	endothelial cell	T1D	945	0.0	0.0	0.0	0
PTPN22	endothelial cell	T2D	1250	0.0	0.0	0.0	0
PTPN22	epsilon cell	AAB	35	0.0	0.0	0.0	0
PTPN22	epsilon cell	Control	97	0.0	0.0	0.0	0
PTPN22	epsilon cell	T1D	41	0.0	0.0	0.0	0
PTPN22	epsilon cell	T2D	23	0.0	0.0	0.0	0
PTPN22	leukocyte	AAB	136	0.036764707416296005	0.0	2.941176470588235	4
PTPN22	leukocyte	Control	529	0.01701323315501213	0.0	1.3232514177693762	7
PTPN22	leukocyte	T1D	229	0.034934498369693756	0.0	2.6200873362445414	6
PTPN22	leukocyte	T2D	304	0.009868420660495758	0.0	0.6578947368421052	2
PTPN22	mesenchymal cell	AAB	1571	0.0012730744201689959	0.0	0.1273074474856779	2
PTPN22	mesenchymal cell	Control	4411	0.002947177505120635	0.0	0.29471775107685333	13
PTPN22	mesenchymal cell	T1D	1132	0.0008833922329358757	0.0	0.08833922261484099	1
PTPN22	mesenchymal cell	T2D	2473	0.0024262031074613333	0.0	0.2426202992317024	6
PTPN22	unknown	AAB	901	0.0022197559010237455	0.0	0.22197558268590456	2
PTPN22	unknown	Control	3424	0.00321261677891016	0.0	0.29205607476635514	10
PTPN22	unknown	T1D	1206	0.005804311949759722	0.0	0.5804311774461027	7
PTPN22	unknown	T2D	1828	0.006017505656927824	0.0	0.6017505470459519	11
RPS26	PP cell	AAB	447	6.868009090423584	5.0	80.31319910514542	359
RPS26	PP cell	Control	1402	3.2532095909118652	2.0	69.40085592011413	973
RPS26	PP cell	T1D	362	6.046961307525635	4.0	84.5303867403315	306
RPS26	PP cell	T2D	614	4.024429798126221	2.0	65.96091205211727	405
RPS26	acinar cell	AAB	6645	20.32069206237793	15.0	95.45522949586154	6343
RPS26	acinar cell	Control	25693	10.628498077392578	4.0	75.04378624528081	19281
RPS26	acinar cell	T1D	11264	31.63947105407715	22.0	94.78870738636364	10677
RPS26	acinar cell	T2D	15892	11.525735855102539	6.0	80.28567832871886	12759
RPS26	alpha cell	AAB	8759	8.262701034545898	7.0	88.2977508848042	7734
RPS26	alpha cell	Control	31545	6.081629276275635	4.0	80.25043588524329	25315
RPS26	alpha cell	T1D	8175	9.15192699432373	8.0	94.93577981651377	7761
RPS26	alpha cell	T2D	16634	5.678249359130859	4.0	89.64169772754599	14911
RPS26	beta cell	AAB	8523	17.481168746948242	14.0	97.20755602487388	8285
RPS26	beta cell	Control	27160	9.607879638671875	5.0	77.58100147275405	21071
RPS26	beta cell	T1D	715	9.29510498046875	6.0	89.79020979020979	642
RPS26	beta cell	T2D	8161	10.576399803161621	6.0	88.92292611199608	7257
RPS26	delta cell	AAB	655	11.72977066040039	11.0	92.51908396946565	606
RPS26	delta cell	Control	3358	7.840083599090576	5.0	82.96605122096487	2786
RPS26	delta cell	T1D	737	8.953866958618164	8.0	88.19538670284939	650
RPS26	delta cell	T2D	919	7.377584457397461	5.0	89.33623503808488	821
RPS26	duct epithelial cell	AAB	3313	16.697254180908203	14.0	98.64171445819498	3268
RPS26	duct epithelial cell	Control	6724	11.265615463256836	8.0	94.06603212373588	6325
RPS26	duct epithelial cell	T1D	5311	17.96027183532715	16.0	98.47486349086802	5230
RPS26	duct epithelial cell	T2D	4877	12.751076698303223	9.0	96.45273733852778	4704
RPS26	endothelial cell	AAB	913	7.686747074127197	6.0	95.83789704271632	875
RPS26	endothelial cell	Control	2744	5.3290815353393555	4.0	90.81632653061224	2492
RPS26	endothelial cell	T1D	945	7.221164226531982	6.0	96.61375661375662	913
RPS26	endothelial cell	T2D	1250	4.8024001121521	3.0	90.96	1137
RPS26	epsilon cell	AAB	35	6.400000095367432	6.0	85.71428571428571	30
RPS26	epsilon cell	Control	97	5.701030731201172	4.0	87.62886597938144	85
RPS26	epsilon cell	T1D	41	9.268292427062988	8.0	97.5609756097561	40
RPS26	epsilon cell	T2D	23	6.5652174949646	6.0	91.30434782608695	21
RPS26	leukocyte	AAB	136	7.117647171020508	6.0	96.32352941176471	131
RPS26	leukocyte	Control	529	4.805293083190918	3.0	83.36483931947069	441
RPS26	leukocyte	T1D	229	8.152838706970215	5.0	94.75982532751091	217
RPS26	leukocyte	T2D	304	3.7302632331848145	3.0	85.52631578947368	260
RPS26	mesenchymal cell	AAB	1571	15.915340423583984	13.0	98.91788669637174	1554
RPS26	mesenchymal cell	Control	4411	11.715483665466309	8.0	94.96712763545682	4189
RPS26	mesenchymal cell	T1D	1132	17.011484146118164	13.0	98.32155477031802	1113
RPS26	mesenchymal cell	T2D	2473	10.003639221191406	7.0	95.43065103113626	2360
RPS26	unknown	AAB	901	4.035516262054443	3.0	79.24528301886792	714
RPS26	unknown	Control	3424	1.8206775188446045	1.0	57.30140186915887	1962
RPS26	unknown	T1D	1206	5.082918643951416	2.0	77.77777777777779	938
RPS26	unknown	T2D	1828	2.417396068572998	1.0	62.910284463894975	1150
SH2B3	PP cell	AAB	447	0.03803132101893425	0.0	3.3557046979865772	15
SH2B3	PP cell	Control	1402	0.019971469417214394	0.0	1.925820256776034	27
SH2B3	PP cell	T1D	362	0.0635359138250351	0.0	5.801104972375691	21
SH2B3	PP cell	T2D	614	0.05211726203560829	0.0	5.211726384364821	32
SH2B3	acinar cell	AAB	6645	0.07705041021108627	0.0	6.817155756207676	453
SH2B3	acinar cell	Control	25693	0.05246565118432045	0.0	4.795080372085782	1232
SH2B3	acinar cell	T1D	11264	0.10209517180919647	0.0	8.922230113636363	1005
SH2B3	acinar cell	T2D	15892	0.062358420342206955	0.0	5.688396677573622	904
SH2B3	alpha cell	AAB	8759	0.14499372243881226	0.0	12.615595387601324	1105
SH2B3	alpha cell	Control	31545	0.08705024421215057	0.0	7.826913932477413	2469
SH2B3	alpha cell	T1D	8175	0.15571865439414978	0.0	13.688073394495412	1119
SH2B3	alpha cell	T2D	16634	0.12799085676670074	0.0	10.670914993387038	1775
SH2B3	beta cell	AAB	8523	0.04599319398403168	0.0	4.259063709961281	363
SH2B3	beta cell	Control	27160	0.03413107618689537	0.0	3.2032400589101617	870
SH2B3	beta cell	T1D	715	0.1090909093618393	0.0	9.51048951048951	68
SH2B3	beta cell	T2D	8161	0.051954418420791626	0.0	4.717559122656537	385
SH2B3	delta cell	AAB	655	0.0396946556866169	0.0	3.5114503816793894	23
SH2B3	delta cell	Control	3358	0.03930911421775818	0.0	3.6033353186420487	121
SH2B3	delta cell	T1D	737	0.07869742065668106	0.0	6.7842605156037985	50
SH2B3	delta cell	T2D	919	0.05223068594932556	0.0	4.787812840043525	44
SH2B3	duct epithelial cell	AAB	3313	0.09206157922744751	0.0	8.270449743434954	274
SH2B3	duct epithelial cell	Control	6724	0.07123735547065735	0.0	6.4842355740630575	436
SH2B3	duct epithelial cell	T1D	5311	0.09000188112258911	0.0	8.171719073620787	434
SH2B3	duct epithelial cell	T2D	4877	0.08099241554737091	0.0	7.156038548287882	349
SH2B3	endothelial cell	AAB	913	0.2026287019252777	0.0	13.800657174151151	126
SH2B3	endothelial cell	Control	2744	0.17055393755435944	0.0	12.900874635568513	354
SH2B3	endothelial cell	T1D	945	0.27407407760620117	0.0	20.529100529100532	194
SH2B3	endothelial cell	T2D	1250	0.25360000133514404	0.0	18.88	236
SH2B3	epsilon cell	AAB	35	0.05714285746216774	0.0	5.714285714285714	2
SH2B3	epsilon cell	Control	97	0.05154639109969139	0.0	4.123711340206185	4
SH2B3	epsilon cell	T1D	41	0.024390242993831635	0.0	2.4390243902439024	1
SH2B3	epsilon cell	T2D	23	0.08695652335882187	0.0	8.695652173913043	2
SH2B3	leukocyte	AAB	136	0.7647058963775635	0.0	41.911764705882355	57
SH2B3	leukocyte	Control	529	0.5482041835784912	0.0	34.40453686200378	182
SH2B3	leukocyte	T1D	229	1.305676817893982	1.0	53.275109170305676	122
SH2B3	leukocyte	T2D	304	0.5723684430122375	0.0	33.55263157894737	102
SH2B3	mesenchymal cell	AAB	1571	0.42584341764450073	0.0	21.705919796308084	341
SH2B3	mesenchymal cell	Control	4411	0.3504874110221863	0.0	21.650419406030377	955
SH2B3	mesenchymal cell	T1D	1132	0.476148396730423	0.0	29.681978798586574	336
SH2B3	mesenchymal cell	T2D	2473	0.5276991724967957	0.0	26.081682167408005	645
SH2B3	unknown	AAB	901	0.03107658214867115	0.0	2.6637069922308543	24
SH2B3	unknown	Control	3424	0.03125	0.0	2.803738317757009	96
SH2B3	unknown	T1D	1206	0.05638474225997925	0.0	5.223880597014925	63
SH2B3	unknown	T2D	1828	0.043763674795627594	0.0	3.391684901531729	62
TCF7L2	PP cell	AAB	447	0.10067114233970642	0.0	8.053691275167784	36
TCF7L2	PP cell	Control	1402	0.07560627907514572	0.0	6.990014265335236	98
TCF7L2	PP cell	T1D	362	0.19060774147510529	0.0	16.022099447513813	58
TCF7L2	PP cell	T2D	614	0.13192182779312134	0.0	10.749185667752444	66
TCF7L2	acinar cell	AAB	6645	0.19367945194244385	0.0	14.02558314522197	932
TCF7L2	acinar cell	Control	25693	0.14416378736495972	0.0	11.193710349122329	2876
TCF7L2	acinar cell	T1D	11264	0.27450284361839294	0.0	20.152698863636363	2270
TCF7L2	acinar cell	T2D	15892	0.2043166309595108	0.0	15.42285426629751	2451
TCF7L2	alpha cell	AAB	8759	0.09772805124521255	0.0	8.676789587852495	760
TCF7L2	alpha cell	Control	31545	0.10543667525053024	0.0	9.050562688223174	2855
TCF7L2	alpha cell	T1D	8175	0.19009174406528473	0.0	15.620795107033638	1277
TCF7L2	alpha cell	T2D	16634	0.14512445032596588	0.0	12.071660454490802	2008
TCF7L2	beta cell	AAB	8523	0.13786225020885468	0.0	11.791622668074622	1005
TCF7L2	beta cell	Control	27160	0.13497790694236755	0.0	10.695876288659793	2905
TCF7L2	beta cell	T1D	715	0.4447552561759949	0.0	26.853146853146853	192
TCF7L2	beta cell	T2D	8161	0.2548707127571106	0.0	18.31883347628967	1495
TCF7L2	delta cell	AAB	655	0.19236640632152557	0.0	15.572519083969466	102
TCF7L2	delta cell	Control	3358	0.1876116693019867	0.0	14.115544967242405	474
TCF7L2	delta cell	T1D	737	0.3107191324234009	0.0	22.930800542740844	169
TCF7L2	delta cell	T2D	919	0.290533185005188	0.0	21.76278563656148	200
TCF7L2	duct epithelial cell	AAB	3313	0.696347713470459	0.0	40.56746151524298	1344
TCF7L2	duct epithelial cell	Control	6724	0.35098156332969666	0.0	25.05948839976205	1685
TCF7L2	duct epithelial cell	T1D	5311	0.5614761710166931	0.0	37.28111466767087	1980
TCF7L2	duct epithelial cell	T2D	4877	0.5107648372650146	0.0	33.72975189665778	1645
TCF7L2	endothelial cell	AAB	913	0.22891566157341003	0.0	16.757940854326396	153
TCF7L2	endothelial cell	Control	2744	0.1260932981967926	0.0	10.787172011661808	296
TCF7L2	endothelial cell	T1D	945	0.18518517911434174	0.0	15.978835978835978	151
TCF7L2	endothelial cell	T2D	1250	0.20239999890327454	0.0	16.08	201
TCF7L2	epsilon cell	AAB	35	0.20000000298023224	0.0	20.0	7
TCF7L2	epsilon cell	Control	97	0.09278350323438644	0.0	9.278350515463918	9
TCF7L2	epsilon cell	T1D	41	0.12195122241973877	0.0	12.195121951219512	5
TCF7L2	epsilon cell	T2D	23	0.17391304671764374	0.0	17.391304347826086	4
TCF7L2	leukocyte	AAB	136	0.24264705181121826	0.0	19.11764705882353	26
TCF7L2	leukocyte	Control	529	0.12098298966884613	0.0	10.58601134215501	56
TCF7L2	leukocyte	T1D	229	0.17030568420886993	0.0	13.973799126637553	32
TCF7L2	leukocyte	T2D	304	0.11184210330247879	0.0	9.539473684210527	29
TCF7L2	mesenchymal cell	AAB	1571	0.26989179849624634	0.0	20.17823042647995	317
TCF7L2	mesenchymal cell	Control	4411	0.21990478038787842	0.0	16.617547041487192	733
TCF7L2	mesenchymal cell	T1D	1132	0.35600706934928894	0.0	27.03180212014134	306
TCF7L2	mesenchymal cell	T2D	2473	0.2951880395412445	0.0	21.714516781237364	537
TCF7L2	unknown	AAB	901	0.03218645974993706	0.0	2.885682574916759	26
TCF7L2	unknown	Control	3424	0.04672897234559059	0.0	4.059579439252337	139
TCF7L2	unknown	T1D	1206	0.09286899119615555	0.0	7.711442786069651	93
TCF7L2	unknown	T2D	1828	0.0847921222448349	0.0	6.619256017505471	121
