gene	contrast	effect_size	p_value	n_donors_a	n_donors_b	mean_a_log1p	mean_b_log1p	lmm_beta	lmm_se	lmm_ci_lo	lmm_ci_hi	lmm_p	lmm_converged	lmm_random_var	pseudobulk_fdr	lmm_fdr
MEG3	T1D vs Control	0.07580924034118652	0.7673730217681412	6	31	1.4114054441452026	1.3355962038040161	0.20149606985825913	743144.4733851061	-1456562.966338738	1456563.3693308777	0.9999997836617118	True	0.0	0.9619028466700197	0.9999997836617118
MEG3	AAB vs Control	0.02445244789123535	0.9041498486938316	10	31	1.3600486516952515	1.3355962038040161	0.059966128021802755	80602.63127315947	-157981.09732926454	157981.2172615206	0.999999406395958	True	0.0	0.9857384703039622	0.9999999212748074
SMARCE1	T1D vs Control	0.18232780694961548	0.3723963771825971	6	31	0.9166538119316101	0.7343260049819946	0.2608677713683296	0.15083196668467713	-0.034762883333637584	0.5564984260702968	0.08371504072476417	True	0.08553068219133447	0.9619028466700197	0.9999997836617118
SMARCE1	AAB vs Control	0.10855138301849365	0.2720088261088488	10	31	0.8428773880004883	0.7343260049819946	-0.12651210139774968	56603.97521121084	-110943.91792607465	110943.66490187185	0.9999982166967588	True	0.0	0.8674498460282043	0.9999999212748074
RPS26	T1D vs Control	0.09452009201049805	0.7121081385720855	6	31	2.1994400024414062	2.104919910430908	0.08172348714826033	0.3604660882660526	-0.6247900458532027	0.7882370201497233	0.8206444608467923	True	0.57537262501696	0.9619028466700197	0.9999997836617118
RPS26	AAB vs Control	0.4626185894012451	0.05561451391758034	10	31	2.5675384998321533	2.104919910430908	-0.3129141074870329	79083.02458552082	-155003.0411017283	155002.41527351332	0.9999968429465549	True	0.0	0.8674498460282043	0.9999999212748074
NEMF	T1D vs Control	0.08400982618331909	0.4328952754299879	6	31	0.4649224579334259	0.3809126317501068	-0.6381609071376965	358963.84185439686	-703569.7681955249	703568.4918737108	0.9999985815319657	True	0.0	0.9619028466700197	0.9999997836617118
NEMF	AAB vs Control	0.04058203101158142	0.5580825897246449	10	31	0.42149466276168823	0.3809126317501068	0.06262976799788587	39525.63195877857	-77470.176009438	77470.301268974	0.9999987357235683	True	0.0	0.8720040464447576	0.9999999212748074
TOX	T1D vs Control	0.0810653567314148	0.4491932792741609	6	31	0.2627583146095276	0.1816929578781128	-0.502896641729237	269928.31640253466	-529060.0030456097	529058.9972523262	0.9999985134813885	True	0.0	0.9619028466700197	0.9999997836617118
TOX	AAB vs Control	0.02699562907218933	0.5016123248326425	10	31	0.20868858695030212	0.1816929578781128	0.017596351044061244	29626.94274120451	-58068.7901764098	58068.82536911188	0.9999995261118588	True	0.0	0.8674498460282043	0.9999999212748074
RBM17	T1D vs Control	0.0722808837890625	0.5701272782720417	6	31	0.5312235355377197	0.4589426517486572	-0.6861061428741471	404237.4375231056	-792306.0636514297	792304.6914391441	0.9999986457624959	True	0.0	0.9619028466700197	0.9999997836617118
RBM17	AAB vs Control	0.07542461156845093	0.3411722107912223	10	31	0.5343672633171082	0.4589426517486572	0.15564304258208347	45000.50345772143	-88200.83113409142	88201.14242017659	0.9999972403601931	True	0.0	0.8674498460282043	0.9999999212748074
PTPN11	T1D vs Control	-0.07298028469085693	0.5987508555154231	6	31	0.3679937422275543	0.44097402691841125	-0.3122818074891268	426062.8601943258	-835083.5182626861	835082.893699071	0.9999994151923199	True	0.0	0.9619028466700197	0.9999997836617118
PTPN11	AAB vs Control	-0.014411002397537231	0.8190056839417219	10	31	0.426563024520874	0.44097402691841125	0.1244611276166867	47463.73460729716	-93028.79536917481	93029.04429143005	0.9999979077581449	True	0.0	0.9857384703039622	0.9999999212748074
HIPK1	T1D vs Control	-0.0854397714138031	0.5168838658152375	6	31	0.32133546471595764	0.40677523612976074	-0.4530271003642497	416721.2758953041	-816774.1537818965	816773.2477276956	0.9999991326016935	True	0.0	0.9619028466700197	0.9999997836617118
HIPK1	AAB vs Control	0.06293869018554688	0.3777513052442695	10	31	0.4697139263153076	0.40677523612976074	0.18808772582996316	45395.825422993716	-88975.62974134187	88976.00591679351	0.9999966941389188	True	0.0	0.8674498460282043	0.9999999212748074
CTRB1	T1D vs Control	-0.13392481207847595	0.54218806712904	6	31	0.4934917986392975	0.6274166107177734	-0.13115278735831087	0.36309462746499443	-0.8428182571897	0.5805126824730782	0.7179437497856369	True	0.6327055976781433	0.9619028466700197	0.9999997836617118
CTRB1	AAB vs Control	0.3261204957962036	0.3323338262973867	10	31	0.953537106513977	0.6274166107177734	0.32689832604965396	0.31246863875513997	-0.2855402059104204	0.9393368580097283	0.29547810406159825	True	0.7368560510918896	0.8674498460282043	0.9999999212748074
CTRB2	T1D vs Control	-0.19552144408226013	0.4278132818861238	6	31	0.4923517405986786	0.6878731846809387	-0.1956106092224467	0.4068488562496579	-0.9930343674717761	0.6018131490268828	0.6306627049586062	True	0.7956083246139548	0.9619028466700197	0.9999997836617118
CTRB2	AAB vs Control	0.2847558856010437	0.41606670678833524	10	31	0.9726290702819824	0.6878731846809387	0.2852603628390962	0.34313728635485935	-0.38728871841642803	0.9578094440946205	0.40578716137961324	True	0.8886602181656843	0.8674498460282043	0.9999999212748074
GLIS3	T1D vs Control	-0.016414731740951538	0.8849506189364181	6	31	0.2995621860027313	0.31597691774368286	-0.2866014772275926	349078.9125972596	-684194.955292106	684194.3820891517	0.9999993449191987	True	0.0	0.9619028466700197	0.9999997836617118
GLIS3	AAB vs Control	0.013121843338012695	0.7807134764634833	10	31	0.32909876108169556	0.31597691774368286	0.030434748906405903	37703.87044433633	-73899.55563615031	73899.61650564811	0.9999993559436743	True	0.0	0.9857384703039622	0.9999999212748074
INS	T1D vs Control	-1.295483112335205	0.06485351716678364	6	31	7.281374454498291	8.576857566833496	1.5075390691150914	1094246.8814235039	-2144722.380050998	2144725.3951291367	0.9999989007579839	True	0.0	0.9619028466700197	0.9999997836617118
INS	AAB vs Control	0.3342781066894531	0.32886818069155965	10	31	8.91113567352295	8.576857566833496	0.3584969635201295	126212.7037387022	-247376.5408308928	247377.25782481983	0.9999977336735224	True	0.0	0.8674498460282043	0.9999999212748074
IL6R	T1D vs Control	0.015030235052108765	0.8840389215864608	6	31	0.240484818816185	0.22545458376407623	-0.4277483713742764	295340.6931602371	-578868.1863424361	578867.3308456934	0.9999988444063777	True	0.0	0.9619028466700197	0.9999997836617118
IL6R	AAB vs Control	0.05597962439060211	0.3068255760450405	10	31	0.28143420815467834	0.22545458376407623	-0.00625524770501284	32502.701819373662	-63705.30182122008	63705.28931072467	0.9999998464445942	True	0.0	0.8674498460282043	0.9999999212748074
RPAP2	T1D vs Control	0.059046030044555664	0.43037038678415473	6	31	0.20362170040607452	0.14457567036151886	-0.2495343311068968	254175.14812574955	-498183.5398608002	498183.040792138	0.9999992166834891	True	0.0	0.9619028466700197	0.9999997836617118
RPAP2	AAB vs Control	-0.0012734532356262207	0.9613711444516253	10	31	0.14330221712589264	0.14457567036151886	0.01598823870085712	27256.8523136017	-53423.41454642063	53423.44652289803	0.9999995319793838	True	0.0	0.9857384703039622	0.9999999212748074
CAMSAP2	T1D vs Control	0.02097487449645996	0.7589481371405287	6	31	0.17333321273326874	0.15235833823680878	-0.3629794932410206	262101.82479019082	-513719.9395682672	513719.21360928076	0.9999988950258787	True	0.0	0.9619028466700197	0.9999997836617118
CAMSAP2	AAB vs Control	-0.016474291682243347	0.5204699076169226	10	31	0.13588404655456543	0.15235833823680878	-0.015055254413969824	0.03331107720551508	-0.08034496573677938	0.050234456908839736	0.6512982322547076	True	0.007954774864025037	0.8674498460282043	0.9999999212748074
AGO2	T1D vs Control	-0.0032678991556167603	0.9695936080249831	6	31	0.22986169159412384	0.2331295907497406	-0.3519829686899636	312697.20385890425	-612886.8715464211	612886.1675804836	0.9999991018730807	True	0.0	0.9719534297439529	0.9999997836617118
AGO2	AAB vs Control	-0.02353113889694214	0.483986453371651	10	31	0.20959845185279846	0.2331295907497406	0.012428680592532205	33305.51713590335	-65278.801157689966	65278.826015051156	0.9999997022519628	True	0.0	0.8674498460282043	0.9999999212748074
ATXN2	T1D vs Control	0.05788421630859375	0.4977990932216396	6	31	0.31365543603897095	0.2557712197303772	-0.3593156988092206	319412.21217803383	-626048.2951846451	626047.5765532474	0.9999991024374222	True	0.0	0.9619028466700197	0.9999997836617118
ATXN2	AAB vs Control	-0.0061763375997543335	0.8918027220933974	10	31	0.24959488213062286	0.2557712197303772	0.06130858761301738	34733.458341192716	-68077.51704015011	68077.63965732533	0.9999985916410908	True	0.0	0.9857384703039622	0.9999999212748074
ITPR3	T1D vs Control	0.06815434992313385	0.42733366369509823	6	31	0.22906529903411865	0.1609109491109848	-0.2795477538187151	254350.07165404217	-498526.41998967645	498525.86089416884	0.9999991230714608	True	0.0	0.9619028466700197	0.9999997836617118
ITPR3	AAB vs Control	-0.010452643036842346	0.7113626084008966	10	31	0.15045830607414246	0.1609109491109848	-0.0037758344796518283	27155.31455570561	-53224.42030501747	53224.412753348515	0.9999998890574429	True	0.0	0.9857384703039622	0.9999999212748074
TCF7L2	T1D vs Control	-0.021151281893253326	0.6773873119107675	6	31	0.1178879365324974	0.13903921842575073	-0.2903038653582318	228495.9433743805	-447852.3393176511	447851.75870992045	0.9999989862884711	True	0.0	0.9619028466700197	0.9999997836617118
TCF7L2	AAB vs Control	-0.02596954256296158	0.24202122577410462	10	31	0.11306967586278915	0.13903921842575073	-0.008578477276948339	24430.237435702995	-47883.27395245514	47883.256795500594	0.999999719829388	True	0.0	0.8674498460282043	0.9999999212748074
COBL	T1D vs Control	0.014511138200759888	0.8330011255211434	6	31	0.1891290545463562	0.1746179163455963	-0.2601924680798293	271982.6641465479	-533086.281919702	533085.7615347658	0.9999992367029944	True	0.0	0.9619028466700197	0.9999997836617118
COBL	AAB vs Control	-0.0011016875505447388	0.9650385997058963	10	31	0.17351622879505157	0.1746179163455963	0.03791073458614644	29415.658485507734	-57654.65272086057	57654.72854232974	0.9999989716908826	True	0.0	0.9857384703039622	0.9999999212748074
CDKN1C	T1D vs Control	-0.007855892181396484	0.9719534297439529	6	31	0.6523763537406921	0.6602322459220886	-0.2802902001402555	532572.7174449755	-1043842.8064823521	1043842.2459019518	0.999999580077582	True	0.0	0.9719534297439529	0.9999997836617118
CDKN1C	AAB vs Control	0.10839635133743286	0.4817539458947656	10	31	0.7686285972595215	0.6602322459220886	0.009836445554618543	58801.943849265415	-115251.80010811466	115251.81978100576	0.9999998665291056	True	0.0	0.8674498460282043	0.9999999212748074
HLA-DRB1	T1D vs Control	0.11525405943393707	0.12328861590754829	6	31	0.12079714983701706	0.005543092265725136	0.05941271527864552	78535.33070391668	-153929.18876696142	153929.307592392	0.9999993963928361	True	0.0	0.9619028466700197	0.9999997836617118
HLA-DRB1	AAB vs Control	0.0037174560129642487	0.5140430231148594	10	31	0.009260548278689384	0.005543092265725136	0.0008510815077312611	8625.762254032585	-16906.493166822358	16906.49486898537	0.9999999212748074	True	0.0	0.8674498460282043	0.9999999212748074
EMSY	T1D vs Control	0.013165615499019623	0.7805449223304042	6	31	0.09417649358510971	0.08101087808609009	-0.20200335887739357	192349.94181069726	-377006.08795232547	377005.68394560774	0.999999162072212	True	0.0	0.9619028466700197	0.9999997836617118
EMSY	AAB vs Control	0.00609242171049118	0.7196450504758845	10	31	0.08710329979658127	0.08101087808609009	0.0075359571202997	0.018459826336691423	-0.02864530249961549	0.04371721674021489	0.6831007604026011	True	0.0023569617133737336	0.9857384703039622	0.9999999212748074
CEL	T1D vs Control	-0.12458930909633636	0.13686746485839618	6	31	0.13394202291965485	0.2585313320159912	-0.29544698940341735	318488.1202935607	-624237.0112223683	624236.4203283896	0.9999992598386679	True	0.0	0.9619028466700197	0.9999997836617118
CEL	AAB vs Control	0.27417320013046265	0.17340068561738176	10	31	0.5327045321464539	0.2585313320159912	0.2752629701684213	0.1471033300997359	-0.013059556827061058	0.5635854971639036	0.06131433300492957	True	0.16281058520078165	0.8674498460282043	0.9999999212748074
JAZF1	T1D vs Control	0.059135228395462036	0.4751047485061184	6	31	0.295697420835495	0.23656219244003296	-0.2934569317034096	313192.0133155184	-613856.6395553477	613856.0526414843	0.9999992523923181	True	0.0	0.9619028466700197	0.9999997836617118
JAZF1	AAB vs Control	-0.0006284117698669434	0.9857384703039622	10	31	0.23593378067016602	0.23656219244003296	0.0016563188526726007	0.040507519756468435	-0.07773841987000553	0.08105105757535074	0.9673842514918575	True	0.011763357989637522	0.9857384703039622	0.9999999212748074
