SNP	P
rs9271365	0.0
rs9273367	6e-306
rs1770	2e-232
rs689	5e-196
rs9273363	5e-138
rs2476601	5e-135
rs9272346	5e-134
rs9273368	2e-116
rs9268645	1e-100
rs7903146	4e-98
rs9273364	3e-82
rs138748427	4.9999999999999996e-54
rs3184504	5.000000000000001e-49
rs7111341	4e-48
rs653178	2e-44
rs3842753	8e-44
rs9269173	3.9999999999999995e-42
rs6679677	1e-40
rs61839660	3e-39
rs12722495	1e-38
rs705704	2e-37
rs1421085	1.0000000000000001e-34
rs11066320	2e-33
rs9274655	9e-33
rs705705	3.9999999999999997e-32
rs4929965	2e-31
rs10509540	1.0000000000000001e-28
rs2292239	3e-27
rs7633675	1.9999999999999998e-25
rs10811661	2.0000000000000002e-24
rs5763842	1.0000000000000001e-23
rs9268853	2.0000000000000002e-23
rs1004446	3e-23
rs3087243	4.0000000000000004e-23
rs10965250	6e-23
rs12927355	7.000000000000001e-23
rs705699	7e-20
rs8056814	3e-19
rs7237497	1e-18
rs12708716	3e-18
rs2111485	4e-18
rs1701704	5e-18
rs17696736	6e-18
rs11203203	3e-17
rs541856133	4e-17
rs3842755	1e-16
rs1265564	1e-16
rs2647044	1e-16
rs7795896	2e-16
rs73239895	2e-16
rs5753037	3e-16
rs1893217	1e-15
rs60888743	1e-15
rs212408	1e-15
rs11203202	1e-15
rs1052553	2e-15
rs1990760	2e-15
rs3825932	3e-15
rs722988	3e-15
rs7202877	3e-15
rs12416116	4e-15
rs7754251	4e-15
rs34536443	4e-15
rs2542151	1e-14
rs1801214	2e-14
rs1876142	2e-14
rs2237897	2e-14
rs72848653	2e-14
rs516246	5e-14
rs55993634	5e-14
rs11085725	6e-14
rs1050979	6e-14
rs72928038	6e-14
rs34593439	9e-14
rs12251307	1e-13
rs2972144	1e-13
rs12665429	1e-13
rs3842727	1e-13
rs186568031	2e-13
rs4788084	3e-13
rs9388489	4e-13
rs8013873	5e-13
rs74770208	5e-13
rs4505848	5e-13
rs2290400	6e-13
rs75793288	6e-13
rs7302200	8e-13
rs2229238	1e-12
rs1615504	1e-12
rs4820830	1e-12
rs1574285	2e-12
rs1465788	2e-12
rs7020673	5e-12
rs2269242	5e-12
rs11755527	5e-12
rs45485691	6e-12
rs151233	7e-12
rs3842754	8e-12
rs569848643	8e-12
rs2128344	8e-12
rs56994090	1e-11
rs2281808	1e-11
rs11171739	1e-11
rs4804000	1e-11
rs1048055	1e-11
rs4238595	2e-11
rs4763879	2e-11
rs192324744	2e-11
rs78325861	2e-11
rs10214237	2e-11
rs2611215	2e-11
rs35198068	2e-11
rs1329764748	3e-11
rs425105	3e-11
rs10933559	3e-11
rs527381367	3e-11
rs75486563	4e-11
rs537938132	4e-11
rs570794153	4e-11
rs7314942	4e-11
rs8062123	4e-11
rs855330	5e-11
rs151234	5e-11
rs597808	5e-11
rs7301381	5e-11
rs539514	6e-11
rs2326451	6e-11
rs10795791	6e-11
rs56178904	7e-11
rs2903692	7e-11
rs1352312	7e-11
rs2289702	7e-11
rs4490209	9e-11
rs2250903	1e-10
rs607703	1e-10
rs2269247	1e-10
rs941576	1e-10
rs2304256	1e-10
rs10811662	1e-10
rs12506688	1e-10
rs11033048	2e-10
rs61759532	2e-10
rs7545300	2e-10
rs12979891	2e-10
rs12130424	2e-10
rs6043409	3e-10
rs11651753	3e-10
rs337637	3e-10
rs13259300	3e-10
rs72727394	4e-10
rs193778	4e-10
rs3024505	5e-10
rs1022674	5e-10
rs10517086	5e-10
rs72853903	6e-10
rs36104352	6e-10
rs72802342	6e-10
rs1538171	7e-10
rs12464462	9e-10
rs4366464	1e-09
rs6476839	1e-09
rs79538630	1e-09
rs78896587	1e-09
rs10770140	1e-09
rs7221109	1e-09
rs763361	1e-09
rs2847278	1e-09
rs17711850	2e-09
rs9405661	2e-09
rs238265	2e-09
rs55846421	2e-09
rs1947178	2e-09
rs78037977	2e-09
rs10743819	3e-09
rs6696593	3e-09
rs2597169	3e-09
rs10213692	3e-09
rs73069541	3e-09
rs645078	3e-09
rs7313065	3e-09
rs60587303	3e-09
rs7582694	3e-09
rs4900384	4e-09
rs605093	4e-09
rs12712067	4e-09
rs12128789	4e-09
rs9517712	4e-09
rs12920953	4e-09
rs947474	4e-09
rs7567242	4e-09
rs478222	4e-09
rs9911533	5e-09
rs74537115	5e-09
rs7804356	5e-09
rs2816313	5e-09
rs114378220	5e-09
rs113881148	6e-09
rs2313430	6e-09
rs857786	6e-09
rs8011031	6e-09
rs6000602	6e-09
rs1493696	8e-09
rs968567	8e-09
rs5790666	8e-09
rs434943	8e-09
rs2664170	8e-09
rs924043	8e-09
rs11170445	8e-09
rs537544	8e-09
rs7805218	9e-09
rs35667974	9e-09
rs3757787	1e-08
rs113935429	1e-08
rs9976073	1e-08
rs56380902	1e-08
rs34090353	1e-08
rs13147255	1e-08
rs766751473	1e-08
rs773125	1e-08
rs12453507	1e-08
rs12644686	2e-08
rs574384	2e-08
rs13018977	2e-08
rs2641348	2e-08
rs11120029	2e-08
rs17143056	2e-08
rs1994565	2e-08
rs74203920	2e-08
rs737391	2e-08
rs17652674	2e-08
rs229541	2e-08
rs9976767	2e-08
rs3802604	2e-08
rs229533	2e-08
rs8046043	2e-08
rs4320356	3e-08
rs1456988	3e-08
rs231770	3e-08
rs11978267	3e-08
rs2817023	3e-08
rs62447205	3e-08
rs9585056	3e-08
rs1405209	3e-08
rs10751776	3e-08
rs10245867	3e-08
rs10169963	3e-08
rs911263	3e-08
rs10876866	3e-08
rs7167984	3e-08
rs706779	3e-08
rs3802214	3e-08
rs1004707	4e-08
rs6691977	4e-08
rs4849135	4e-08
rs542907	4e-08
rs2212434	4e-08
rs4948088	4e-08
rs57209021	4e-08
rs1805731	4e-08
rs11954020	4e-08
rs140215710	4e-08
rs12742756	4e-08
rs7936434	4e-08
rs402072	5e-08
rs113010081	5e-08
rs41295121	5e-08
rs3764021	5e-08
rs1881146	5e-08
